PROLIFIC_PID,ExplanationPair,Transparency,Trustworthiness,Usefulness
1,000011v001011,1,0,1
1,000101v001101,1,0,0
1,000110v001110,1,1,1
1,001010v011010,1,0,0
1,001110v011110,1,0,0
1,100110v110110,1,1,1
1,101001v101101,1,1,1
1,101011v111011,1,1,0
1,101100v101110,1,0,0
1,111101v111111,0,0,0
2,000000v000010,1,1,1
2,000000v000100,1,1,1
2,000111v010111,1,1,1
2,001010v001110,1,1,1
2,010011v010111,1,1,1
2,100010v100110,1,1,1
2,101000v111000,0,0,0
2,101101v101111,1,0,1
2,110100v111100,1,1,1
2,111010v111011,0,1,0
3,000001v010001,1,1,1
3,000101v010101,0,0,0
3,001011v011011,1,1,1
3,010010v010110,0,0,0
3,011001v011011,1,1,1
3,100100v110100,1,1,1
3,100110v100111,1,1,1
3,101010v101011,1,1,1
3,101101v111101,1,1,1
3,110011v111011,1,1,1
54f844c0fdf99b2bd032e149,000100v010100,1,0,1
54f844c0fdf99b2bd032e149,000101v010101,0,0,1
54f844c0fdf99b2bd032e149,000110v010110,1,0,0
54f844c0fdf99b2bd032e149,001000v011000,1,1,1
54f844c0fdf99b2bd032e149,001101v011101,1,1,1
54f844c0fdf99b2bd032e149,100100v100110,1,1,1
54f844c0fdf99b2bd032e149,100111v110111,0,0,0
54f844c0fdf99b2bd032e149,101000v101010,1,1,1
54f844c0fdf99b2bd032e149,101001v101011,1,1,1
54f844c0fdf99b2bd032e149,110101v110111,1,0,1
56e6f0dec89073000de74780,000100v000110,1,1,1
56e6f0dec89073000de74780,001100v001110,1,1,1
56e6f0dec89073000de74780,001110v001111,0,0,0
56e6f0dec89073000de74780,001111v011111,1,1,1
56e6f0dec89073000de74780,010010v010110,0,0,0
56e6f0dec89073000de74780,100000v110000,0,0,0
56e6f0dec89073000de74780,100011v101011,0,0,0
56e6f0dec89073000de74780,100100v101100,1,1,1
56e6f0dec89073000de74780,101011v111011,1,1,1
56e6f0dec89073000de74780,111110v111111,0,0,0
570e14beceaf25000d141f5c,000000v000100,1,1,1
570e14beceaf25000d141f5c,001110v011110,1,1,1
570e14beceaf25000d141f5c,010011v011011,1,1,1
570e14beceaf25000d141f5c,010111v011111,1,1,1
570e14beceaf25000d141f5c,011010v011011,0,0,0
570e14beceaf25000d141f5c,100010v101010,1,1,1
570e14beceaf25000d141f5c,100110v100111,1,1,1
570e14beceaf25000d141f5c,100111v110111,1,1,1
570e14beceaf25000d141f5c,110010v110011,1,1,1
570e14beceaf25000d141f5c,110110v111110,1,1,1
5731e0665b8b06000f7e359f,000001v000011,1,1,1
5731e0665b8b06000f7e359f,000001v001001,0,0,0
5731e0665b8b06000f7e359f,010000v010010,0,0,0
5731e0665b8b06000f7e359f,010010v010110,0,0,0
5731e0665b8b06000f7e359f,010110v010111,1,0,0
5731e0665b8b06000f7e359f,100110v110110,1,1,1
5731e0665b8b06000f7e359f,101001v111001,1,1,1
5731e0665b8b06000f7e359f,110010v110110,1,1,1
5731e0665b8b06000f7e359f,110101v110111,1,1,1
5731e0665b8b06000f7e359f,110110v111110,0,0,0
5a1aae2e10f454000177bb97,000001v000011,1,0,1
5a1aae2e10f454000177bb97,000011v010011,1,1,1
5a1aae2e10f454000177bb97,001000v001001,0,0,0
5a1aae2e10f454000177bb97,010000v011000,0,0,0
5a1aae2e10f454000177bb97,010100v010101,0,0,0
5a1aae2e10f454000177bb97,100000v100010,1,0,1
5a1aae2e10f454000177bb97,100001v110001,0,0,0
5a1aae2e10f454000177bb97,100010v100110,1,1,1
5a1aae2e10f454000177bb97,100100v100110,1,0,0
5a1aae2e10f454000177bb97,100110v101110,1,1,1
5b01e69aa496b300013d5b9b,000000v001000,0,0,0
5b01e69aa496b300013d5b9b,000000v010000,1,1,1
5b01e69aa496b300013d5b9b,000110v010110,1,1,1
5b01e69aa496b300013d5b9b,011000v011100,0,1,0
5b01e69aa496b300013d5b9b,011101v011111,1,0,0
5b01e69aa496b300013d5b9b,100001v100101,1,1,0
5b01e69aa496b300013d5b9b,100010v100011,0,1,1
5b01e69aa496b300013d5b9b,100100v100110,1,1,1
5b01e69aa496b300013d5b9b,111001v111101,0,1,0
5b01e69aa496b300013d5b9b,111010v111011,0,0,1
5b23d88ac0c8ec0001a9411e,000010v001010,0,0,1
5b23d88ac0c8ec0001a9411e,000101v000111,0,0,0
5b23d88ac0c8ec0001a9411e,010000v010010,1,0,0
5b23d88ac0c8ec0001a9411e,010010v010110,1,1,1
5b23d88ac0c8ec0001a9411e,011011v011111,1,1,1
5b23d88ac0c8ec0001a9411e,100000v100100,1,1,1
5b23d88ac0c8ec0001a9411e,100000v110000,1,1,1
5b23d88ac0c8ec0001a9411e,101000v111000,1,1,1
5b23d88ac0c8ec0001a9411e,101010v111010,1,1,1
5b23d88ac0c8ec0001a9411e,111110v111111,1,0,0
5ba988cc4a16920001d48564,000010v010010,0,0,0
5ba988cc4a16920001d48564,000110v000111,0,0,0
5ba988cc4a16920001d48564,001011v001111,0,0,1
5ba988cc4a16920001d48564,010010v010011,1,0,1
5ba988cc4a16920001d48564,010010v010110,1,1,0
5ba988cc4a16920001d48564,100010v100011,0,0,0
5ba988cc4a16920001d48564,110001v111001,1,1,1
5ba988cc4a16920001d48564,110100v110101,1,1,0
5ba988cc4a16920001d48564,111010v111110,1,1,0
5bcdaa50bdb0060001d4a4a8,000101v000111,0,1,0
5bcdaa50bdb0060001d4a4a8,001000v001001,1,0,0
5bcdaa50bdb0060001d4a4a8,010110v011110,0,1,1
5bcdaa50bdb0060001d4a4a8,011000v011001,1,0,0
5bcdaa50bdb0060001d4a4a8,011001v011011,1,1,0
5bcdaa50bdb0060001d4a4a8,100101v110101,1,1,0
5bcdaa50bdb0060001d4a4a8,101010v101110,1,1,0
5bcdaa50bdb0060001d4a4a8,110010v110011,1,0,1
5bcdaa50bdb0060001d4a4a8,111000v111010,0,0,1
5bcdaa50bdb0060001d4a4a8,111101v111111,1,0,0
5c2004c3da51990001e165b2,000011v001011,1,1,1
5c2004c3da51990001e165b2,000011v010011,1,1,1
5c2004c3da51990001e165b2,000100v000110,0,0,0
5c2004c3da51990001e165b2,000110v000111,0,0,0
5c2004c3da51990001e165b2,001101v001111,0,0,0
5c2004c3da51990001e165b2,100010v110010,1,1,1
5c2004c3da51990001e165b2,100101v110101,0,0,0
5c2004c3da51990001e165b2,110000v110001,0,0,0
5c2004c3da51990001e165b2,111001v111101,1,1,1
5c2004c3da51990001e165b2,111010v111110,0,0,0
5c4dae9a889752000156b1db,000101v010101,0,0,0
5c4dae9a889752000156b1db,001100v011100,1,1,1
5c4dae9a889752000156b1db,001110v011110,0,0,0
5c4dae9a889752000156b1db,001111v011111,1,1,1
5c4dae9a889752000156b1db,011000v011001,0,0,0
5c4dae9a889752000156b1db,100010v100011,0,0,0
5c4dae9a889752000156b1db,100100v101100,1,1,1
5c4dae9a889752000156b1db,101011v111011,0,0,0
5c4dae9a889752000156b1db,110110v111110,0,0,0
5c4dae9a889752000156b1db,111000v111010,0,0,0
5c532d18b7cf140001d30260,101110v101111,1,1,0
5c8406438d2bbf0017e4a416,000000v010000,1,0,1
5c8406438d2bbf0017e4a416,000010v000110,0,1,0
5c8406438d2bbf0017e4a416,000011v000111,0,0,0
5c8406438d2bbf0017e4a416,001010v001011,0,0,0
5c8406438d2bbf0017e4a416,011101v011111,1,1,1
5c8406438d2bbf0017e4a416,100001v110001,1,1,1
5c8406438d2bbf0017e4a416,100101v101101,0,1,0
5c8406438d2bbf0017e4a416,101011v101111,1,1,1
5c8406438d2bbf0017e4a416,110001v111001,0,0,0
5c8406438d2bbf0017e4a416,110101v110111,1,1,1
5c8eb003f756d40018119b89,001101v011101,1,0,1
5c8eb003f756d40018119b89,010000v010001,0,0,0
5c8eb003f756d40018119b89,010101v010111,1,0,1
5c8eb003f756d40018119b89,011010v011011,0,1,0
5c8eb003f756d40018119b89,011100v011101,0,1,1
5c8eb003f756d40018119b89,100011v101011,1,0,0
5c8eb003f756d40018119b89,100100v100101,1,0,0
5c8eb003f756d40018119b89,101101v101111,1,0,1
5c8eb003f756d40018119b89,110001v110011,1,0,0
5cd083548702e10018e3b0a5,001000v001010,1,1,0
5cd083548702e10018e3b0a5,010000v010010,0,1,0
5cd083548702e10018e3b0a5,011000v011100,0,1,1
5cd083548702e10018e3b0a5,011010v011011,1,1,1
5cd083548702e10018e3b0a5,011110v011111,0,0,0
5cd083548702e10018e3b0a5,100000v100010,1,1,1
5cd083548702e10018e3b0a5,100100v100101,0,0,0
5cd083548702e10018e3b0a5,101100v101101,0,0,0
5cd083548702e10018e3b0a5,101111v111111,1,1,1
5cd083548702e10018e3b0a5,110111v111111,1,1,1
5d69678bf4d251001c0f81f3,000010v000011,0,1,1
5d69678bf4d251001c0f81f3,000100v010100,1,1,1
5d69678bf4d251001c0f81f3,010000v010001,0,0,0
5d69678bf4d251001c0f81f3,011100v011101,0,0,0
5d69678bf4d251001c0f81f3,011100v011110,1,1,1
5d69678bf4d251001c0f81f3,100001v101001,1,1,1
5d69678bf4d251001c0f81f3,100100v101100,0,0,0
5d69678bf4d251001c0f81f3,110000v110010,1,1,1
5d69678bf4d251001c0f81f3,111100v111101,0,0,0
5d69678bf4d251001c0f81f3,111101v111111,1,1,1
5dd90c31238a9189593ebd4d,010010v010011,0,0,0
5dd90c31238a9189593ebd4d,010111v011111,1,1,1
5dd90c31238a9189593ebd4d,011000v011001,1,1,0
5dd90c31238a9189593ebd4d,100010v110010,0,0,0
5dd90c31238a9189593ebd4d,100101v100111,1,1,1
5dd90c31238a9189593ebd4d,101000v101001,0,0,0
5dd90c31238a9189593ebd4d,111011v111111,1,1,1
5e020766b633b5db8b72c15b,000001v001001,0,0,0
5e020766b633b5db8b72c15b,000111v001111,1,1,1
5e020766b633b5db8b72c15b,001000v001001,0,1,0
5e020766b633b5db8b72c15b,010101v011101,0,0,0
5e020766b633b5db8b72c15b,011100v011101,0,0,0
5e020766b633b5db8b72c15b,100000v101000,1,1,1
5e020766b633b5db8b72c15b,100011v110011,1,0,0
5e020766b633b5db8b72c15b,100100v101100,1,0,0
5e020766b633b5db8b72c15b,111001v111011,1,1,0
5e020766b633b5db8b72c15b,111001v111101,1,1,1
5e31dab5eef5b31cbc35f867,001000v001001,0,0,0
5e31dab5eef5b31cbc35f867,001000v011000,1,1,1
5e31dab5eef5b31cbc35f867,010001v010011,0,1,0
5e31dab5eef5b31cbc35f867,010011v010111,1,1,0
5e31dab5eef5b31cbc35f867,011001v011101,1,1,1
5e31dab5eef5b31cbc35f867,100100v100101,1,1,1
5e31dab5eef5b31cbc35f867,101110v111110,1,1,1
5e31dab5eef5b31cbc35f867,110110v111110,0,0,0
5e31dab5eef5b31cbc35f867,111010v111110,0,0,0
5e31dab5eef5b31cbc35f867,111110v111111,0,0,0
5e530e6150ee4031b4fbb27a,000001v000011,1,1,1
5e530e6150ee4031b4fbb27a,000111v010111,1,1,1
5e530e6150ee4031b4fbb27a,001011v001111,1,1,1
5e530e6150ee4031b4fbb27a,010001v010101,1,1,1
5e530e6150ee4031b4fbb27a,011000v011100,1,1,1
5e530e6150ee4031b4fbb27a,100001v101001,0,0,0
5e530e6150ee4031b4fbb27a,101100v101101,0,0,0
5e530e6150ee4031b4fbb27a,101100v111100,0,0,0
5e530e6150ee4031b4fbb27a,111010v111011,0,0,0
5ea07f2c55a2bd050fd8f70b,000000v000100,1,1,1
5ea07f2c55a2bd050fd8f70b,000110v010110,1,1,1
5ea07f2c55a2bd050fd8f70b,001001v001101,1,1,1
5ea07f2c55a2bd050fd8f70b,010001v010101,1,1,1
5ea07f2c55a2bd050fd8f70b,011101v011111,1,0,1
5ea07f2c55a2bd050fd8f70b,100000v101000,1,0,1
5ea07f2c55a2bd050fd8f70b,101001v101011,1,1,0
5ea07f2c55a2bd050fd8f70b,110000v110100,0,0,0
5ea07f2c55a2bd050fd8f70b,110011v111011,1,1,1
5ea07f2c55a2bd050fd8f70b,111100v111101,1,1,1
5ecc47c44bd36744c20ba660,000100v000110,1,1,1
5ecc47c44bd36744c20ba660,001000v001100,1,1,1
5ecc47c44bd36744c20ba660,001100v001110,1,1,1
5ecc47c44bd36744c20ba660,001101v011101,1,1,1
5ecc47c44bd36744c20ba660,011100v011110,1,0,0
5ecc47c44bd36744c20ba660,100011v100111,1,1,1
5ecc47c44bd36744c20ba660,101001v101101,1,1,1
5ecc47c44bd36744c20ba660,101001v111001,1,1,1
5ecc47c44bd36744c20ba660,101010v111010,1,1,1
5ecc47c44bd36744c20ba660,101101v101111,1,1,1
5eeaaece96011c1cb0aefdc2,000101v000111,1,1,1
5eeaaece96011c1cb0aefdc2,001001v001101,1,1,1
5eeaaece96011c1cb0aefdc2,010000v010100,0,0,0
5eeaaece96011c1cb0aefdc2,010000v011000,0,0,0
5eeaaece96011c1cb0aefdc2,011100v011110,1,0,0
5eeaaece96011c1cb0aefdc2,100111v110111,1,1,1
5eeaaece96011c1cb0aefdc2,101100v101101,0,0,0
5eeaaece96011c1cb0aefdc2,110000v111000,1,1,0
5eeaaece96011c1cb0aefdc2,110001v111001,0,1,1
5eeaaece96011c1cb0aefdc2,111011v111111,1,1,1
5f070ba7da774e0534090fac,000001v010001,0,0,0
5f070ba7da774e0534090fac,000011v000111,1,1,1
5f070ba7da774e0534090fac,000101v010101,1,1,1
5f070ba7da774e0534090fac,000110v001110,1,1,1
5f070ba7da774e0534090fac,001011v001111,0,0,0
5f070ba7da774e0534090fac,100000v100100,0,0,0
5f070ba7da774e0534090fac,100000v101000,1,1,1
5f070ba7da774e0534090fac,100001v100011,1,1,1
5f070ba7da774e0534090fac,101110v101111,0,0,0
5f070ba7da774e0534090fac,111000v111010,0,0,0
5f23c8b2be6a4e1a1481ba56,001110v001111,0,1,1
5f23c8b2be6a4e1a1481ba56,001111v011111,1,1,1
5f23c8b2be6a4e1a1481ba56,010001v011001,1,1,1
5f23c8b2be6a4e1a1481ba56,010101v010111,0,0,0
5f23c8b2be6a4e1a1481ba56,011010v011110,1,1,1
5f23c8b2be6a4e1a1481ba56,100011v110011,1,1,1
5f23c8b2be6a4e1a1481ba56,101000v111000,1,1,1
5f23c8b2be6a4e1a1481ba56,101010v101110,0,0,0
5f23c8b2be6a4e1a1481ba56,110001v110101,1,1,1
5f23c8b2be6a4e1a1481ba56,110100v110101,0,0,0
5f27a50af757e8160ed86782,000001v010001,1,1,0
5f27a50af757e8160ed86782,001001v001101,1,1,1
5f27a50af757e8160ed86782,001101v011101,1,1,1
5f27a50af757e8160ed86782,010001v010011,1,1,1
5f27a50af757e8160ed86782,010100v010101,0,0,0
5f27a50af757e8160ed86782,100011v100111,1,1,1
5f27a50af757e8160ed86782,100011v110011,1,1,1
5f27a50af757e8160ed86782,100110v101110,1,1,1
5f27a50af757e8160ed86782,101110v111110,1,1,1
5f27a50af757e8160ed86782,110000v111000,1,1,1
5f5985c9d9859b1e25df4f85,000000v001000,1,0,1
5f5985c9d9859b1e25df4f85,000001v000011,1,1,1
5f5985c9d9859b1e25df4f85,000110v000111,0,0,0
5f5985c9d9859b1e25df4f85,000111v010111,1,1,1
5f5985c9d9859b1e25df4f85,010000v011000,0,1,0
5f5985c9d9859b1e25df4f85,100000v100001,0,0,0
5f5985c9d9859b1e25df4f85,100010v100011,0,0,0
5f5985c9d9859b1e25df4f85,101001v101101,1,1,1
5f5985c9d9859b1e25df4f85,101010v101110,1,1,1
5f5985c9d9859b1e25df4f85,110010v111010,1,1,1
5f63a2bc08a0080c790f8eb6,000000v000010,1,0,1
5f63a2bc08a0080c790f8eb6,000001v010001,1,1,1
5f63a2bc08a0080c790f8eb6,010010v010011,0,1,1
5f63a2bc08a0080c790f8eb6,010100v010110,1,1,1
5f63a2bc08a0080c790f8eb6,011011v011111,1,1,1
5f63a2bc08a0080c790f8eb6,100100v100110,1,1,1
5f63a2bc08a0080c790f8eb6,101010v101110,0,1,0
5f63a2bc08a0080c790f8eb6,101110v101111,0,0,0
5f63a2bc08a0080c790f8eb6,101111v111111,1,1,1
5f63a2bc08a0080c790f8eb6,110101v111101,1,1,1
5fabca68273dd403ab40e361,000000v000001,1,1,1
5fabca68273dd403ab40e361,000100v000110,1,0,1
5fabca68273dd403ab40e361,001100v001101,1,1,1
5fabca68273dd403ab40e361,010001v010011,1,1,1
5fabca68273dd403ab40e361,011100v011101,1,1,1
5fabca68273dd403ab40e361,100010v110010,1,0,1
5fabca68273dd403ab40e361,100011v100111,1,0,1
5fabca68273dd403ab40e361,110101v110111,1,0,1
5fabca68273dd403ab40e361,110110v110111,0,0,0
5fabca68273dd403ab40e361,110111v111111,1,1,1
5fb665db2bfd3e385beb133d,001101v011101,0,1,0
5fb665db2bfd3e385beb133d,010001v011001,1,1,1
5fb665db2bfd3e385beb133d,010110v011110,1,1,1
5fb665db2bfd3e385beb133d,100011v101011,0,1,1
5fb665db2bfd3e385beb133d,101010v111010,1,1,1
5fc7aa4fd06520000955403f,000010v000011,0,0,0
5fc7aa4fd06520000955403f,001110v011110,1,1,0
5fc7aa4fd06520000955403f,010000v010100,0,1,1
5fc7aa4fd06520000955403f,011000v011100,0,1,0
5fc7aa4fd06520000955403f,011001v011101,0,1,0
5fc7aa4fd06520000955403f,110100v110110,1,1,0
5fc7aa4fd06520000955403f,111000v111001,1,1,0
5fc7aa4fd06520000955403f,111001v111011,1,1,0
5fc7aa4fd06520000955403f,111100v111110,0,1,1
5fdac6ef252afc58740d5560,001110v001111,0,0,0
5fdac6ef252afc58740d5560,010001v010011,1,1,1
5fdac6ef252afc58740d5560,010010v010110,1,1,1
5fdac6ef252afc58740d5560,010100v011100,0,1,0
5fdac6ef252afc58740d5560,010101v010111,1,1,1
5fdac6ef252afc58740d5560,101000v111000,1,1,1
5fdac6ef252afc58740d5560,101001v111001,1,1,1
5fdac6ef252afc58740d5560,110000v111000,1,1,1
5fdac6ef252afc58740d5560,110010v110011,1,1,1
5fdac6ef252afc58740d5560,111001v111011,1,1,1
5fe23f65878eaadb5e2c8ba1,000000v000010,1,1,1
5fe23f65878eaadb5e2c8ba1,001000v011000,1,1,1
5fe23f65878eaadb5e2c8ba1,010100v011100,0,0,0
5fe23f65878eaadb5e2c8ba1,011000v011010,1,1,1
5fe23f65878eaadb5e2c8ba1,011100v011110,1,1,1
5fe23f65878eaadb5e2c8ba1,100000v100010,1,1,1
5fe23f65878eaadb5e2c8ba1,101000v101010,1,1,1
5fe23f65878eaadb5e2c8ba1,101001v101011,1,1,1
5fe23f65878eaadb5e2c8ba1,101111v111111,1,1,1
5fe23f65878eaadb5e2c8ba1,110100v110101,1,0,0
6017ff67d472ae3ae159096c,000011v000111,0,1,0
6017ff67d472ae3ae159096c,000100v000110,0,1,1
6017ff67d472ae3ae159096c,001000v011000,1,0,1
6017ff67d472ae3ae159096c,011000v011100,0,1,0
6017ff67d472ae3ae159096c,011011v011111,1,1,1
6017ff67d472ae3ae159096c,100000v100010,0,0,0
6017ff67d472ae3ae159096c,100011v100111,0,1,1
6017ff67d472ae3ae159096c,101010v111010,1,1,1
6017ff67d472ae3ae159096c,101110v111110,1,0,1
6017ff67d472ae3ae159096c,110000v110010,1,0,1
602d561de3b7ea7653d45892,000000v000010,0,0,0
602d561de3b7ea7653d45892,000001v000101,0,0,0
602d561de3b7ea7653d45892,001010v001110,0,0,0
602d561de3b7ea7653d45892,010100v011100,1,1,1
602d561de3b7ea7653d45892,011001v011101,0,0,0
602d561de3b7ea7653d45892,100100v110100,0,0,0
602d561de3b7ea7653d45892,101010v111010,0,0,1
602d561de3b7ea7653d45892,110001v110011,0,0,0
602d561de3b7ea7653d45892,110011v110111,0,0,0
602d561de3b7ea7653d45892,111000v111100,1,1,1
603fbb9e043c240cc15c0920,000100v001100,0,1,0
603fbb9e043c240cc15c0920,001001v001011,0,0,0
603fbb9e043c240cc15c0920,001100v001101,0,1,1
603fbb9e043c240cc15c0920,011001v011011,1,0,1
603fbb9e043c240cc15c0920,011100v011110,1,0,0
603fbb9e043c240cc15c0920,101110v111110,1,1,1
606c6e9f7e86c0264ab3d7d8,000000v000010,0,0,0
606c6e9f7e86c0264ab3d7d8,000101v000111,1,1,0
606c6e9f7e86c0264ab3d7d8,001001v011001,1,1,1
606c6e9f7e86c0264ab3d7d8,010101v011101,1,1,1
606c6e9f7e86c0264ab3d7d8,011000v011001,0,0,0
606c6e9f7e86c0264ab3d7d8,100000v100001,0,0,0
606c6e9f7e86c0264ab3d7d8,100000v100100,0,0,0
606c6e9f7e86c0264ab3d7d8,100010v100110,0,0,0
606c6e9f7e86c0264ab3d7d8,100011v110011,1,1,1
606c6e9f7e86c0264ab3d7d8,110110v110111,0,0,0
607ee7232fb723e021ea8bd5,000001v000011,1,0,0
607ee7232fb723e021ea8bd5,000001v010001,1,1,1
607ee7232fb723e021ea8bd5,000110v000111,0,0,0
607ee7232fb723e021ea8bd5,010011v011011,1,1,1
607ee7232fb723e021ea8bd5,011001v011101,0,0,0
607ee7232fb723e021ea8bd5,100000v101000,0,0,0
607ee7232fb723e021ea8bd5,100001v100011,1,1,1
607ee7232fb723e021ea8bd5,100100v100101,0,0,0
607ee7232fb723e021ea8bd5,100101v101101,1,1,1
607ee7232fb723e021ea8bd5,110001v110101,1,1,1
6088d0b3a7a37cd958b727c5,000001v000101,1,0,1
6088d0b3a7a37cd958b727c5,000010v010010,1,1,1
6088d0b3a7a37cd958b727c5,010101v010111,1,1,1
6088d0b3a7a37cd958b727c5,010110v011110,1,1,1
6088d0b3a7a37cd958b727c5,011100v011101,0,1,0
6088d0b3a7a37cd958b727c5,100001v101001,0,0,0
6088d0b3a7a37cd958b727c5,100100v100101,1,1,1
6088d0b3a7a37cd958b727c5,100111v110111,1,1,1
6088d0b3a7a37cd958b727c5,110101v110111,1,0,1
6088d0b3a7a37cd958b727c5,111000v111100,1,1,1
608a856faa8f685a0b6c77dc,000000v000001,0,0,0
608a856faa8f685a0b6c77dc,000101v010101,1,1,1
608a856faa8f685a0b6c77dc,000110v001110,0,0,1
608a856faa8f685a0b6c77dc,010000v011000,0,0,0
608a856faa8f685a0b6c77dc,010011v010111,0,1,1
608a856faa8f685a0b6c77dc,100001v101001,1,0,0
608a856faa8f685a0b6c77dc,100101v100111,1,1,1
608a856faa8f685a0b6c77dc,101000v101010,1,1,1
608a856faa8f685a0b6c77dc,101010v101011,0,0,0
608a856faa8f685a0b6c77dc,101011v101111,0,0,0
609a7d5287ca8fb83e0780d4,000110v010110,0,0,1
609a7d5287ca8fb83e0780d4,001110v001111,0,0,0
609a7d5287ca8fb83e0780d4,010000v010100,1,1,1
609a7d5287ca8fb83e0780d4,010101v011101,1,0,0
609a7d5287ca8fb83e0780d4,010110v011110,1,1,1
609a7d5287ca8fb83e0780d4,100110v110110,0,1,1
609a7d5287ca8fb83e0780d4,101000v111000,1,1,1
609a7d5287ca8fb83e0780d4,110000v110001,0,0,0
609a7d5287ca8fb83e0780d4,110111v111111,1,0,0
609a7d5287ca8fb83e0780d4,111000v111100,1,1,1
60a50457d02bfc23c02d4717,000001v000101,0,0,1
60a50457d02bfc23c02d4717,000110v000111,0,0,0
60a50457d02bfc23c02d4717,000111v010111,1,1,1
60a50457d02bfc23c02d4717,010010v011010,1,1,1
60a50457d02bfc23c02d4717,011001v011101,1,1,0
60a50457d02bfc23c02d4717,100000v110000,1,1,1
60a50457d02bfc23c02d4717,100001v100101,1,1,1
60a50457d02bfc23c02d4717,100110v100111,0,0,0
60a50457d02bfc23c02d4717,101001v111001,0,0,0
60a50457d02bfc23c02d4717,101110v111110,1,0,1
60aa4b9356c591511cc09f5f,000011v001011,1,0,1
60aa4b9356c591511cc09f5f,000101v000111,1,0,1
60aa4b9356c591511cc09f5f,000101v001101,0,1,0
60aa4b9356c591511cc09f5f,001101v001111,1,0,1
60aa4b9356c591511cc09f5f,011010v011011,0,1,1
60aa4b9356c591511cc09f5f,101001v111001,1,0,1
60aa4b9356c591511cc09f5f,101010v101110,0,1,0
60aa4b9356c591511cc09f5f,101110v111110,1,0,1
60aa4b9356c591511cc09f5f,111000v111010,1,0,1
60aa4b9356c591511cc09f5f,111011v111111,1,0,1
60c13b9b993acbc810b08032,000010v010010,0,1,0
60c13b9b993acbc810b08032,000101v001101,0,0,0
60c13b9b993acbc810b08032,001000v001100,1,1,1
60c13b9b993acbc810b08032,001001v001011,1,1,1
60c13b9b993acbc810b08032,011011v011111,1,1,1
60c13b9b993acbc810b08032,101000v101001,0,0,0
60c13b9b993acbc810b08032,101001v101011,1,1,1
60c13b9b993acbc810b08032,101011v111011,1,1,1
60c13b9b993acbc810b08032,101101v111101,1,1,1
60c13b9b993acbc810b08032,101110v101111,1,1,1
60d1be6ac5e92d2ab630e89f,000000v000100,0,0,1
60d1be6ac5e92d2ab630e89f,000000v001000,1,1,1
60d1be6ac5e92d2ab630e89f,000010v001010,1,1,1
60d1be6ac5e92d2ab630e89f,001100v001101,0,0,1
60d1be6ac5e92d2ab630e89f,010000v010001,0,0,0
60d1be6ac5e92d2ab630e89f,100111v101111,1,1,1
60d1be6ac5e92d2ab630e89f,101000v101100,0,0,0
60d1be6ac5e92d2ab630e89f,110011v110111,1,1,1
60d1be6ac5e92d2ab630e89f,111100v111101,0,0,0
60d1be6ac5e92d2ab630e89f,111110v111111,0,0,0
60e2fbb1eec0ddbbe525aa49,000000v001000,1,1,1
60e2fbb1eec0ddbbe525aa49,000000v010000,1,1,1
60e2fbb1eec0ddbbe525aa49,010010v010110,0,0,1
60e2fbb1eec0ddbbe525aa49,010011v011011,1,1,0
60e2fbb1eec0ddbbe525aa49,010100v010110,1,1,1
60e2fbb1eec0ddbbe525aa49,100000v100001,1,1,1
60e2fbb1eec0ddbbe525aa49,101000v101001,0,0,0
60e2fbb1eec0ddbbe525aa49,110000v110001,1,1,1
60e2fbb1eec0ddbbe525aa49,110010v111010,1,1,1
60e2fbb1eec0ddbbe525aa49,111001v111101,1,1,1
60e7218db2691424068d718c,000011v000111,0,0,1
60e7218db2691424068d718c,001001v011001,1,1,1
60e7218db2691424068d718c,010111v011111,1,1,1
60e7218db2691424068d718c,011000v011010,1,1,1
60e7218db2691424068d718c,011110v011111,0,0,0
60e7218db2691424068d718c,100101v101101,1,1,1
60e7218db2691424068d718c,100110v100111,1,1,1
60e7218db2691424068d718c,100110v110110,0,0,0
60e7218db2691424068d718c,110100v110110,1,1,1
60e7218db2691424068d718c,111010v111110,1,1,0
60ee913de67c56daf5e842a9,000101v001101,0,0,0
60ee913de67c56daf5e842a9,001000v001010,0,1,1
60ee913de67c56daf5e842a9,001100v001101,0,1,1
60ee913de67c56daf5e842a9,010010v010110,1,1,1
60ee913de67c56daf5e842a9,010111v011111,1,1,0
60ee913de67c56daf5e842a9,100001v101001,1,1,1
60ee913de67c56daf5e842a9,100010v110010,1,1,1
60ee913de67c56daf5e842a9,110000v110100,0,1,1
60ee913de67c56daf5e842a9,111100v111110,0,0,0
60ee913de67c56daf5e842a9,111110v111111,0,1,0
60f6e9558bba832322d5cf25,000100v010100,1,0,1
60f6e9558bba832322d5cf25,001000v001100,0,1,1
60f6e9558bba832322d5cf25,010000v010001,0,1,0
60f6e9558bba832322d5cf25,100011v101011,1,0,1
60f6e9558bba832322d5cf25,100101v100111,0,1,0
60f6e9558bba832322d5cf25,111000v111100,0,1,0
60fb21e65840a0466aa574d3,000000v001000,1,1,1
60fb21e65840a0466aa574d3,000001v010001,1,1,0
60fb21e65840a0466aa574d3,000110v010110,1,1,1
60fb21e65840a0466aa574d3,001010v001110,1,1,1
60fb21e65840a0466aa574d3,010010v011010,0,1,0
60fb21e65840a0466aa574d3,100000v110000,1,0,0
60fb21e65840a0466aa574d3,100010v101010,0,0,0
60fb21e65840a0466aa574d3,100100v110100,1,1,1
60fb21e65840a0466aa574d3,101010v111010,1,1,1
60fb21e65840a0466aa574d3,110101v111101,1,1,0
6101327737f1cdc226011570,000100v000110,1,1,1
6101327737f1cdc226011570,001000v001010,1,1,1
6101327737f1cdc226011570,001001v001101,1,1,1
6101327737f1cdc226011570,001010v001011,0,0,0
6101327737f1cdc226011570,010101v011101,1,1,1
6101327737f1cdc226011570,100011v101011,1,1,1
6101327737f1cdc226011570,100101v110101,1,1,1
6101327737f1cdc226011570,101010v101011,0,0,0
6101327737f1cdc226011570,110000v110010,1,1,1
6101327737f1cdc226011570,111001v111011,1,1,1
6101d039131dc4fc34e3bfbd,000001v001001,0,0,0
6101d039131dc4fc34e3bfbd,000010v000011,0,1,0
6101d039131dc4fc34e3bfbd,001011v001111,1,0,1
6101d039131dc4fc34e3bfbd,001111v011111,1,1,1
6101d039131dc4fc34e3bfbd,011000v011001,0,0,0
6101d039131dc4fc34e3bfbd,100001v101001,0,0,0
6101d039131dc4fc34e3bfbd,101000v101100,1,1,1
6101d039131dc4fc34e3bfbd,110010v110110,1,1,1
6101d039131dc4fc34e3bfbd,110101v111101,0,0,0
6101d039131dc4fc34e3bfbd,111100v111110,1,1,1
61088f5351df7edad3fa8c5f,000101v001101,1,1,0
61088f5351df7edad3fa8c5f,001000v001001,0,1,1
61088f5351df7edad3fa8c5f,001000v011000,0,0,0
61088f5351df7edad3fa8c5f,010000v011000,0,1,0
61088f5351df7edad3fa8c5f,100000v100001,0,1,1
61088f5351df7edad3fa8c5f,101101v111101,1,1,1
61088f5351df7edad3fa8c5f,111010v111011,0,0,0
6109bab29c25d05ba4c64323,001000v001010,1,0,1
6109bab29c25d05ba4c64323,001010v001011,0,0,0
6109bab29c25d05ba4c64323,001100v001101,0,1,1
6109bab29c25d05ba4c64323,010000v010010,1,0,1
6109bab29c25d05ba4c64323,011001v011011,1,1,1
6109bab29c25d05ba4c64323,100100v101100,1,0,0
6109bab29c25d05ba4c64323,101000v101010,0,1,0
6109bab29c25d05ba4c64323,101001v101101,1,0,1
6109bab29c25d05ba4c64323,101100v101101,0,0,0
6109bab29c25d05ba4c64323,111000v111010,0,1,1
610a545e57efd9a197696c77,000000v010000,1,0,1
610a545e57efd9a197696c77,000011v000111,1,0,1
610a545e57efd9a197696c77,001101v001111,1,1,0
610a545e57efd9a197696c77,010110v010111,1,1,1
610a545e57efd9a197696c77,011010v011011,1,1,1
610a545e57efd9a197696c77,100000v100010,0,0,0
610a545e57efd9a197696c77,100001v110001,1,0,1
610a545e57efd9a197696c77,100011v100111,1,1,0
610a545e57efd9a197696c77,100011v110011,1,0,1
610a545e57efd9a197696c77,101001v101011,0,1,0
610abfb0eb7add4ed3226a44,000001v010001,1,0,1
610abfb0eb7add4ed3226a44,000100v000101,1,1,1
610abfb0eb7add4ed3226a44,001000v001100,0,1,0
610abfb0eb7add4ed3226a44,001110v001111,0,1,0
610abfb0eb7add4ed3226a44,010010v011010,1,1,1
610abfb0eb7add4ed3226a44,100001v110001,0,1,1
610abfb0eb7add4ed3226a44,100100v110100,0,0,1
610abfb0eb7add4ed3226a44,100111v101111,0,0,0
610abfb0eb7add4ed3226a44,110100v110110,0,1,1
610c486ee989fa525258cbb6,001010v001011,0,1,0
610c486ee989fa525258cbb6,010000v010001,0,0,0
610c486ee989fa525258cbb6,010001v010101,1,1,1
610c486ee989fa525258cbb6,011000v011100,1,0,1
610c486ee989fa525258cbb6,011100v011101,1,0,0
610c486ee989fa525258cbb6,100100v110100,1,0,1
610c486ee989fa525258cbb6,100101v101101,0,0,0
610c486ee989fa525258cbb6,101100v101101,0,0,0
610c486ee989fa525258cbb6,101100v101110,1,0,1
610c486ee989fa525258cbb6,111011v111111,0,0,0
610d45e26c9b141264755d3c,000010v001010,0,0,0
610d45e26c9b141264755d3c,010010v010011,1,1,1
610d45e26c9b141264755d3c,010101v010111,1,1,1
610d45e26c9b141264755d3c,011010v011011,1,1,1
610d45e26c9b141264755d3c,110100v111100,1,1,1
610d45e26c9b141264755d3c,111010v111011,0,0,0
611086aa151462dc0ac8d02b,000010v000110,0,1,0
611086aa151462dc0ac8d02b,001001v011001,1,1,1
611086aa151462dc0ac8d02b,010000v010100,1,1,0
611086aa151462dc0ac8d02b,010001v010011,1,1,0
611086aa151462dc0ac8d02b,010010v010110,1,0,0
611086aa151462dc0ac8d02b,101000v101100,1,1,0
611086aa151462dc0ac8d02b,111010v111110,1,0,1
611117d79c57e6744e059bc4,000001v010001,1,1,0
611117d79c57e6744e059bc4,000101v000111,1,1,1
611117d79c57e6744e059bc4,010000v010100,1,1,0
611117d79c57e6744e059bc4,010011v011011,1,1,1
611117d79c57e6744e059bc4,010101v011101,0,1,0
611117d79c57e6744e059bc4,100000v100001,0,1,0
611117d79c57e6744e059bc4,100111v101111,1,1,0
611117d79c57e6744e059bc4,101010v101110,1,0,0
611117d79c57e6744e059bc4,101100v101110,0,1,0
611117d79c57e6744e059bc4,110001v110011,1,1,0
611539a4c507a7c1482dfcfc,000010v000110,0,0,0
611539a4c507a7c1482dfcfc,000101v001101,1,0,0
611539a4c507a7c1482dfcfc,001000v001010,1,1,0
611539a4c507a7c1482dfcfc,010010v010011,0,0,0
611539a4c507a7c1482dfcfc,011000v011100,0,1,0
611539a4c507a7c1482dfcfc,110000v110001,1,1,1
611539a4c507a7c1482dfcfc,110101v110111,0,0,1
611539a4c507a7c1482dfcfc,111000v111010,0,0,0
611cfda46e28a6675bc39937,001100v011100,0,0,0
611cfda46e28a6675bc39937,010000v010001,0,0,0
611cfda46e28a6675bc39937,010011v010111,0,0,0
611cfda46e28a6675bc39937,010100v010110,0,0,0
611cfda46e28a6675bc39937,011000v011010,0,0,0
611cfda46e28a6675bc39937,100000v101000,1,1,1
611cfda46e28a6675bc39937,100011v100111,0,0,1
611cfda46e28a6675bc39937,101000v111000,1,1,1
611cfda46e28a6675bc39937,110001v110101,0,0,0
611cfda46e28a6675bc39937,111001v111101,0,0,0
6120211d8e1eab16fcb7ad69,000010v010010,1,1,1
6120211d8e1eab16fcb7ad69,000110v000111,0,0,0
6120211d8e1eab16fcb7ad69,010001v011001,1,1,1
6120211d8e1eab16fcb7ad69,010011v010111,0,0,1
6120211d8e1eab16fcb7ad69,010111v011111,0,1,1
6120211d8e1eab16fcb7ad69,100110v101110,1,1,1
6120211d8e1eab16fcb7ad69,101010v111010,0,0,1
6120211d8e1eab16fcb7ad69,110000v111000,1,1,1
6120211d8e1eab16fcb7ad69,110001v111001,1,1,1
6120211d8e1eab16fcb7ad69,110010v110110,0,0,0
6125bfc97c42f9bc6fdef701,001001v011001,1,1,1
6125bfc97c42f9bc6fdef701,001100v001110,1,1,1
6125bfc97c42f9bc6fdef701,010010v010011,1,1,1
6125bfc97c42f9bc6fdef701,010011v011011,1,0,0
6125bfc97c42f9bc6fdef701,010100v011100,1,1,1
6125bfc97c42f9bc6fdef701,100010v100011,1,1,1
6125bfc97c42f9bc6fdef701,100010v101010,1,1,1
6125bfc97c42f9bc6fdef701,100100v100101,0,0,0
6125bfc97c42f9bc6fdef701,110010v111010,1,1,1
6125bfc97c42f9bc6fdef701,111011v111111,1,1,1
6130f605465cea9ed74f490b,000011v000111,1,1,1
6130f605465cea9ed74f490b,000100v001100,1,1,1
6130f605465cea9ed74f490b,000110v000111,0,1,0
6130f605465cea9ed74f490b,001010v001110,1,1,1
6130f605465cea9ed74f490b,010100v010110,0,0,0
6130f605465cea9ed74f490b,100000v100100,1,1,1
6130f605465cea9ed74f490b,100100v100101,1,1,1
6130f605465cea9ed74f490b,101000v101010,1,1,1
6130f605465cea9ed74f490b,110111v111111,1,1,1
6130f605465cea9ed74f490b,111000v111100,1,1,1
6139d11e12004b36e50206d1,000000v000010,0,0,0
6139d11e12004b36e50206d1,000100v000101,1,0,0
6139d11e12004b36e50206d1,000100v001100,1,1,1
6139d11e12004b36e50206d1,010000v010010,1,1,1
6139d11e12004b36e50206d1,010110v010111,1,1,1
6139d11e12004b36e50206d1,100000v100010,1,1,0
6139d11e12004b36e50206d1,100100v110100,1,0,0
613af39692992acbacdbbbbc,001001v001101,1,1,1
613af39692992acbacdbbbbc,001101v001111,1,1,1
613af39692992acbacdbbbbc,010000v010010,1,1,1
613af39692992acbacdbbbbc,011000v011001,0,0,0
613af39692992acbacdbbbbc,011100v011110,1,0,1
613af39692992acbacdbbbbc,101000v101010,1,1,1
613af39692992acbacdbbbbc,101100v111100,1,1,1
613af39692992acbacdbbbbc,101101v111101,1,1,1
613af39692992acbacdbbbbc,110111v111111,0,1,1
613af39692992acbacdbbbbc,111100v111110,1,1,1
614083f44ae49152b80502a1,000001v010001,1,1,1
614083f44ae49152b80502a1,000010v000110,1,1,1
614083f44ae49152b80502a1,001110v011110,1,1,1
614083f44ae49152b80502a1,010010v011010,0,0,0
614083f44ae49152b80502a1,010100v011100,0,0,0
614083f44ae49152b80502a1,100101v101101,0,0,0
614083f44ae49152b80502a1,100110v100111,1,1,1
614083f44ae49152b80502a1,101000v101100,1,1,1
614083f44ae49152b80502a1,101111v111111,1,1,1
614083f44ae49152b80502a1,111001v111101,1,1,1
614831813dc412ccc8e2f563,001100v011100,1,1,1
614831813dc412ccc8e2f563,010010v010110,0,1,0
614831813dc412ccc8e2f563,110000v110001,1,0,0
614e79538497fb73c13121bb,000010v001010,1,0,0
614e79538497fb73c13121bb,000011v010011,1,1,1
614e79538497fb73c13121bb,001011v011011,1,1,1
614e79538497fb73c13121bb,010000v010100,1,1,1
614e79538497fb73c13121bb,011010v011110,0,0,1
614e79538497fb73c13121bb,100100v110100,1,1,1
614e79538497fb73c13121bb,100111v101111,1,0,1
614e79538497fb73c13121bb,101110v111110,1,1,1
614e79538497fb73c13121bb,110100v110110,1,1,1
614e79538497fb73c13121bb,111001v111101,0,1,1
6151f68b450aec8ce5658985,000011v010011,1,1,1
6151f68b450aec8ce5658985,000100v010100,1,0,1
6151f68b450aec8ce5658985,001000v001001,0,1,0
6151f68b450aec8ce5658985,001110v001111,0,1,1
6151f68b450aec8ce5658985,010001v010011,1,1,0
6151f68b450aec8ce5658985,100100v101100,1,0,1
6151f68b450aec8ce5658985,100110v110110,1,1,1
6151f68b450aec8ce5658985,101001v101011,1,1,0
6151f68b450aec8ce5658985,101111v111111,1,1,0
6151f68b450aec8ce5658985,110110v111110,1,1,1
6154e16c9500b0262bbcabaa,000011v000111,1,1,1
6154e16c9500b0262bbcabaa,000101v000111,1,1,1
6154e16c9500b0262bbcabaa,001000v001100,1,1,1
6154e16c9500b0262bbcabaa,001010v001011,1,1,1
6154e16c9500b0262bbcabaa,011101v011111,1,1,1
6154e16c9500b0262bbcabaa,100101v101101,1,1,1
6154e16c9500b0262bbcabaa,100101v110101,0,0,0
6154e16c9500b0262bbcabaa,110000v110010,1,1,1
6154e16c9500b0262bbcabaa,110001v110101,0,1,1
6154e16c9500b0262bbcabaa,111001v111011,1,1,1
615b50fddd13935fa8395214,001001v001101,0,0,0
615b50fddd13935fa8395214,001101v001111,0,0,0
615b50fddd13935fa8395214,001110v011110,1,1,0
615b50fddd13935fa8395214,001111v011111,0,0,0
615b50fddd13935fa8395214,011010v011110,1,0,1
615b50fddd13935fa8395214,100000v101000,0,0,0
615b50fddd13935fa8395214,110000v111000,1,1,0
615b50fddd13935fa8395214,110100v110101,1,0,0
615b50fddd13935fa8395214,110110v111110,0,0,0
615b50fddd13935fa8395214,111110v111111,0,1,1
615ec1104bc7df86650f06d3,000000v000001,0,0,0
615ec1104bc7df86650f06d3,000010v000110,0,1,1
615ec1104bc7df86650f06d3,000110v001110,0,1,1
615ec1104bc7df86650f06d3,001110v011110,1,0,1
615ec1104bc7df86650f06d3,010100v010110,0,0,0
615ec1104bc7df86650f06d3,100000v100100,1,0,1
615ec1104bc7df86650f06d3,100001v110001,0,1,0
615ec1104bc7df86650f06d3,101011v101111,0,0,1
615ec1104bc7df86650f06d3,110010v110011,0,0,1
615ec1104bc7df86650f06d3,110101v111101,0,0,0
61618a4c307226e9aa6d4070,000011v001011,0,0,1
61618a4c307226e9aa6d4070,000100v001100,0,0,1
61618a4c307226e9aa6d4070,001000v011000,1,0,0
61618a4c307226e9aa6d4070,001010v011010,1,0,0
61618a4c307226e9aa6d4070,010001v011001,0,1,1
61618a4c307226e9aa6d4070,100010v100110,1,1,1
61618a4c307226e9aa6d4070,101011v101111,1,1,1
61618a4c307226e9aa6d4070,110000v110100,1,1,1
61618a4c307226e9aa6d4070,110011v110111,1,1,1
61618a4c307226e9aa6d4070,110100v110101,1,1,1
6168525c53bae852d954b849,000000v010000,1,1,1
6168525c53bae852d954b849,000001v001001,0,1,0
6168525c53bae852d954b849,000001v010001,1,1,1
6168525c53bae852d954b849,000111v001111,0,1,1
6168525c53bae852d954b849,010000v011000,0,0,0
6168525c53bae852d954b849,100011v110011,1,0,1
6168525c53bae852d954b849,100110v100111,1,0,1
6168525c53bae852d954b849,110010v110011,0,1,1
6168525c53bae852d954b849,110011v110111,1,1,1
6168525c53bae852d954b849,110101v111101,1,1,1
6234d4fd9f5c8f0d5fa01ec8,000100v010100,1,1,1
6234d4fd9f5c8f0d5fa01ec8,001001v001101,1,1,1
6234d4fd9f5c8f0d5fa01ec8,001011v001111,1,1,1
6234d4fd9f5c8f0d5fa01ec8,010001v010011,0,0,0
6234d4fd9f5c8f0d5fa01ec8,010001v011001,1,1,1
6234d4fd9f5c8f0d5fa01ec8,100100v100101,1,1,1
6234d4fd9f5c8f0d5fa01ec8,100111v101111,1,1,1
6234d4fd9f5c8f0d5fa01ec8,111001v111011,0,0,0
6234d4fd9f5c8f0d5fa01ec8,111100v111101,1,1,1
62c6ad01d7ad711abdf2eb4c,000000v001000,1,1,1
62c6ad01d7ad711abdf2eb4c,000111v001111,1,0,0
62c6ad01d7ad711abdf2eb4c,010111v011111,1,1,1
62c6ad01d7ad711abdf2eb4c,011010v011011,0,0,0
62c6ad01d7ad711abdf2eb4c,011100v011101,0,0,0
62c6ad01d7ad711abdf2eb4c,100011v110011,1,0,1
62c6ad01d7ad711abdf2eb4c,100100v101100,0,0,0
62c6ad01d7ad711abdf2eb4c,101000v101001,0,0,0
62c6ad01d7ad711abdf2eb4c,110000v110100,1,1,1
62c6ad01d7ad711abdf2eb4c,110010v110011,1,1,1
642afb016e098d3731a28cea,000000v000001,0,0,0
642afb016e098d3731a28cea,000010v000110,1,1,1
642afb016e098d3731a28cea,010001v010101,1,1,1
642afb016e098d3731a28cea,010010v010011,0,0,0
642afb016e098d3731a28cea,010011v011011,1,1,1
642afb016e098d3731a28cea,101001v101011,0,0,0
646b21b29b9c859da9e74e8f,000110v010110,1,0,1
646b21b29b9c859da9e74e8f,001110v001111,0,0,0
646b21b29b9c859da9e74e8f,010011v010111,1,0,1
646b21b29b9c859da9e74e8f,010101v010111,1,0,1
646b21b29b9c859da9e74e8f,011110v011111,0,0,0
646b21b29b9c859da9e74e8f,100001v101001,0,0,0
646b21b29b9c859da9e74e8f,100110v110110,0,1,0
646b21b29b9c859da9e74e8f,110000v110001,1,0,1
646b21b29b9c859da9e74e8f,110100v111100,0,1,0
646b21b29b9c859da9e74e8f,111000v111001,0,0,0
6502b248275d9097129692f6,000100v000101,1,1,1
6502b248275d9097129692f6,001000v001010,1,1,1
6502b248275d9097129692f6,001010v001110,0,0,1
6502b248275d9097129692f6,011000v011001,1,0,0
6502b248275d9097129692f6,011100v011101,0,0,1
6502b248275d9097129692f6,101000v101100,0,1,1
6502b248275d9097129692f6,101100v101110,1,1,0
6502b248275d9097129692f6,110010v111010,1,1,1
6502b248275d9097129692f6,110011v111011,1,0,1
6502b248275d9097129692f6,110100v110110,1,1,0
6512b5180ab541a0603e7ada,000000v000100,0,0,0
6512b5180ab541a0603e7ada,000001v001001,0,0,0
6512b5180ab541a0603e7ada,000010v001010,0,0,0
6512b5180ab541a0603e7ada,000101v000111,0,0,0
6512b5180ab541a0603e7ada,001101v011101,1,1,1
6512b5180ab541a0603e7ada,101000v101100,0,0,0
651ac88823e71c05dbc1ff63,000000v000001,0,0,0
651ac88823e71c05dbc1ff63,000001v000011,1,1,1
651ac88823e71c05dbc1ff63,000011v001011,1,1,1
651ac88823e71c05dbc1ff63,001000v001010,1,1,1
651ac88823e71c05dbc1ff63,011010v011110,1,1,1
651ac88823e71c05dbc1ff63,100000v100010,1,1,1
651ac88823e71c05dbc1ff63,101101v111101,1,1,1
651ac88823e71c05dbc1ff63,110101v110111,1,1,1
651ac88823e71c05dbc1ff63,111010v111110,0,1,0
651ac88823e71c05dbc1ff63,111110v111111,0,0,0
6522a8e9a3aa79c7e28e932d,000100v010100,1,0,1
6522a8e9a3aa79c7e28e932d,001000v001001,0,0,0
6522a8e9a3aa79c7e28e932d,001011v001111,1,0,1
6522a8e9a3aa79c7e28e932d,010100v010101,0,0,0
6522a8e9a3aa79c7e28e932d,011000v011010,1,0,1
6522a8e9a3aa79c7e28e932d,100011v100111,1,1,1
6522a8e9a3aa79c7e28e932d,101001v101011,1,1,1
6522a8e9a3aa79c7e28e932d,110010v111010,0,1,0
6522a8e9a3aa79c7e28e932d,110100v111100,1,0,0
6522a8e9a3aa79c7e28e932d,110111v111111,1,0,1
652724785a23a93ff955efa2,001010v001011,0,0,0
652724785a23a93ff955efa2,001100v001101,1,1,1
652724785a23a93ff955efa2,010001v010101,1,1,1
652724785a23a93ff955efa2,011000v011010,1,1,1
652724785a23a93ff955efa2,011011v011111,1,1,1
652724785a23a93ff955efa2,100001v100101,1,1,1
652724785a23a93ff955efa2,101001v111001,1,1,1
652724785a23a93ff955efa2,111000v111001,1,1,1
652724785a23a93ff955efa2,111001v111011,1,1,1
652724785a23a93ff955efa2,111011v111111,1,1,1
65395648e2df8c95292d130d,000001v000011,0,0,0
65395648e2df8c95292d130d,000011v000111,1,1,1
65395648e2df8c95292d130d,010101v010111,1,1,1
65395648e2df8c95292d130d,011001v011101,1,1,1
65395648e2df8c95292d130d,011101v011111,0,0,0
65395648e2df8c95292d130d,100100v100110,1,1,1
65395648e2df8c95292d130d,101100v101110,1,1,1
65395648e2df8c95292d130d,101111v111111,1,1,1
65395648e2df8c95292d130d,110000v111000,0,0,0
65395648e2df8c95292d130d,111011v111111,0,0,0
6543164e03fd084d9773d558,001000v001100,1,0,1
6543164e03fd084d9773d558,001110v001111,0,0,0
6543164e03fd084d9773d558,010010v011010,1,0,1
6543164e03fd084d9773d558,010100v010101,0,1,1
6543164e03fd084d9773d558,010100v010110,0,0,0
6543164e03fd084d9773d558,100011v101011,0,1,0
6543164e03fd084d9773d558,101100v111100,1,1,1
6543164e03fd084d9773d558,110001v110011,1,0,1
6543164e03fd084d9773d558,110100v110101,1,1,1
6543164e03fd084d9773d558,111100v111110,0,1,0
654cf99238b53a792585986e,000001v001001,0,0,0
654cf99238b53a792585986e,000011v010011,1,1,1
654cf99238b53a792585986e,000110v010110,1,1,1
654cf99238b53a792585986e,001000v011000,1,1,1
654cf99238b53a792585986e,001001v011001,1,1,1
654cf99238b53a792585986e,100001v100011,1,1,1
654cf99238b53a792585986e,100100v100110,1,1,1
654cf99238b53a792585986e,110000v110001,1,1,1
654cf99238b53a792585986e,110110v110111,0,0,0
654cf99238b53a792585986e,111000v111001,1,1,1
6550ea5723a7adbcc422790b,000100v001100,0,1,0
6550ea5723a7adbcc422790b,001010v011010,1,0,1
6550ea5723a7adbcc422790b,001111v011111,1,0,1
6550ea5723a7adbcc422790b,010101v010111,1,0,0
6550ea5723a7adbcc422790b,011000v011001,0,0,0
6550ea5723a7adbcc422790b,100000v101000,0,1,0
6550ea5723a7adbcc422790b,100110v101110,1,1,0
6550ea5723a7adbcc422790b,101100v101101,0,0,0
6550ea5723a7adbcc422790b,101101v111101,1,1,1
6550ea5723a7adbcc422790b,110000v111000,0,1,0
657da81227f847160ee8abd4,000000v010000,1,1,1
657da81227f847160ee8abd4,000010v000110,1,0,1
657da81227f847160ee8abd4,001000v001010,1,1,1
657da81227f847160ee8abd4,001100v011100,1,1,1
657da81227f847160ee8abd4,010100v011100,1,1,1
657da81227f847160ee8abd4,100011v100111,1,0,1
657da81227f847160ee8abd4,101110v101111,1,0,1
657da81227f847160ee8abd4,110110v111110,0,0,0
657da81227f847160ee8abd4,111000v111001,1,0,0
657da81227f847160ee8abd4,111010v111011,0,0,0
657f0595bb9bc3e55987fc4e,010001v010011,0,1,1
65c22c96757cf5102a2d8903,000000v010000,1,1,1
65c22c96757cf5102a2d8903,000010v000110,0,0,0
65c22c96757cf5102a2d8903,000111v001111,1,1,1
65c22c96757cf5102a2d8903,010000v010100,1,1,1
65c22c96757cf5102a2d8903,010110v011110,1,1,1
65c22c96757cf5102a2d8903,101001v101011,1,1,1
65c22c96757cf5102a2d8903,101100v111100,1,1,1
65c22c96757cf5102a2d8903,101101v111101,1,1,1
65c22c96757cf5102a2d8903,110101v110111,0,0,0
65c22c96757cf5102a2d8903,111010v111110,0,0,0
65c273252f46c0f1081a4d8d,000000v000001,0,0,0
65c273252f46c0f1081a4d8d,000111v010111,1,1,1
65c273252f46c0f1081a4d8d,001001v001011,1,1,1
65c273252f46c0f1081a4d8d,001110v001111,0,0,0
65c273252f46c0f1081a4d8d,010000v010001,0,0,0
65c273252f46c0f1081a4d8d,100000v100010,1,1,1
65c273252f46c0f1081a4d8d,100001v101001,1,1,1
65c273252f46c0f1081a4d8d,101001v101101,1,1,1
65c273252f46c0f1081a4d8d,101100v111100,1,1,1
65c273252f46c0f1081a4d8d,110001v110011,1,1,1
65c7e8ec2fc3afbaa35438e2,000010v001010,0,0,0
65c7e8ec2fc3afbaa35438e2,001110v001111,0,0,0
65c7e8ec2fc3afbaa35438e2,010000v010100,0,0,0
65c7e8ec2fc3afbaa35438e2,010110v010111,0,1,1
65c7e8ec2fc3afbaa35438e2,010111v011111,0,0,0
65c7e8ec2fc3afbaa35438e2,100000v101000,1,1,1
65c7e8ec2fc3afbaa35438e2,100100v100101,1,1,1
65c7e8ec2fc3afbaa35438e2,100110v110110,0,0,0
65c7e8ec2fc3afbaa35438e2,101001v101101,1,1,1
65c7e8ec2fc3afbaa35438e2,111000v111001,1,0,1
65cb8b8e6eab3e66a7800ed1,000110v001110,0,1,0
65cb8b8e6eab3e66a7800ed1,001010v001011,0,1,0
65cb8b8e6eab3e66a7800ed1,001110v001111,0,0,0
65cb8b8e6eab3e66a7800ed1,010010v011010,1,1,1
65cb8b8e6eab3e66a7800ed1,010110v011110,1,1,1
65cb8b8e6eab3e66a7800ed1,101000v101100,1,0,1
65cb8b8e6eab3e66a7800ed1,101001v101011,1,0,1
65cb8b8e6eab3e66a7800ed1,101100v101101,0,0,0
65cb8b8e6eab3e66a7800ed1,101100v101110,1,0,0
65cb8b8e6eab3e66a7800ed1,110001v110011,1,0,0
65e0c2e2e32784e64bf561d2,000010v000110,1,0,0
65e0c2e2e32784e64bf561d2,000100v001100,1,0,1
65e0c2e2e32784e64bf561d2,000110v010110,1,1,1
65e0c2e2e32784e64bf561d2,001010v011010,0,1,1
65e0c2e2e32784e64bf561d2,010001v010011,1,0,1
65e0c2e2e32784e64bf561d2,101100v101101,1,1,1
65e0c2e2e32784e64bf561d2,110001v110011,0,0,1
65e0c2e2e32784e64bf561d2,110101v110111,1,1,1
65e0c2e2e32784e64bf561d2,110110v111110,1,0,0
65e0c2e2e32784e64bf561d2,111000v111100,0,1,1
65e646da8809bd962f8da706,000000v000001,0,0,0
65e646da8809bd962f8da706,000000v000010,1,0,1
65e646da8809bd962f8da706,000011v001011,1,1,1
65e646da8809bd962f8da706,001011v001111,1,1,0
65e646da8809bd962f8da706,010110v010111,0,1,0
65e646da8809bd962f8da706,100111v101111,1,1,1
65e646da8809bd962f8da706,101101v111101,1,1,1
65e646da8809bd962f8da706,111000v111100,0,0,0
65e646da8809bd962f8da706,111100v111101,0,1,0
65e646da8809bd962f8da706,111101v111111,0,0,0
65fadbc0d3a20ce12447512a,000101v010101,1,1,1
65fadbc0d3a20ce12447512a,001001v011001,0,0,0
65fadbc0d3a20ce12447512a,001110v001111,0,0,0
65fadbc0d3a20ce12447512a,101000v101010,1,1,1
65fadbc0d3a20ce12447512a,111001v111101,1,1,1
65faee440578e47facaf0488,000101v001101,0,1,1
65faee440578e47facaf0488,001001v001011,1,0,1
65faee440578e47facaf0488,001001v011001,1,1,1
65faee440578e47facaf0488,011001v011011,1,1,1
65faee440578e47facaf0488,100000v100100,1,1,1
65faee440578e47facaf0488,100010v110010,1,0,1
65faee440578e47facaf0488,101011v101111,1,1,1
65faee440578e47facaf0488,111100v111110,0,1,1
66095ea2bebd1034a019c906,010000v010100,1,1,0
66095ea2bebd1034a019c906,010010v010011,1,0,0
66095ea2bebd1034a019c906,010100v010101,0,1,1
66095ea2bebd1034a019c906,011000v011010,0,1,1
66095ea2bebd1034a019c906,011011v011111,1,0,1
66095ea2bebd1034a019c906,100000v100001,1,1,1
66095ea2bebd1034a019c906,100010v100011,1,0,1
66095ea2bebd1034a019c906,110011v111011,0,0,0
66095ea2bebd1034a019c906,110100v110101,0,1,0
66107a3619b2031a5256b327,000000v001000,0,0,0
66107a3619b2031a5256b327,000010v000110,1,1,1
66107a3619b2031a5256b327,000101v010101,0,0,1
66107a3619b2031a5256b327,001101v001111,0,1,1
66107a3619b2031a5256b327,010010v010011,0,0,0
66107a3619b2031a5256b327,100000v100100,0,1,1
66107a3619b2031a5256b327,100000v110000,1,1,1
66107a3619b2031a5256b327,100110v110110,1,1,1
66107a3619b2031a5256b327,101000v101100,0,0,0
66107a3619b2031a5256b327,101001v111001,0,1,0
66159ddb528ea605871b6e15,000100v000101,1,0,1
66159ddb528ea605871b6e15,001001v001011,1,1,1
66159ddb528ea605871b6e15,001001v011001,1,1,1
66159ddb528ea605871b6e15,001100v001110,1,1,1
66159ddb528ea605871b6e15,010000v010001,0,0,0
66159ddb528ea605871b6e15,100000v100001,0,0,0
66159ddb528ea605871b6e15,100010v100011,0,1,0
66159ddb528ea605871b6e15,101011v101111,1,0,1
66159ddb528ea605871b6e15,110010v111010,1,1,1
66159ddb528ea605871b6e15,111110v111111,0,0,1
661a51225587ca83a6f23a5c,000100v000110,1,1,0
661a51225587ca83a6f23a5c,001000v001100,1,1,1
661a51225587ca83a6f23a5c,011001v011101,1,1,1
661a51225587ca83a6f23a5c,100011v110011,1,0,0
661a51225587ca83a6f23a5c,101000v101001,1,1,1
661a51225587ca83a6f23a5c,110010v110011,0,1,1
663636e1e732142a9c211523,000100v000101,0,1,1
663636e1e732142a9c211523,000111v001111,1,0,0
663636e1e732142a9c211523,001101v001111,1,1,1
663636e1e732142a9c211523,010000v010010,0,0,0
663636e1e732142a9c211523,011001v011011,1,1,1
663636e1e732142a9c211523,100010v101010,1,1,1
663636e1e732142a9c211523,100100v100101,0,0,0
663636e1e732142a9c211523,101010v111010,1,1,1
663636e1e732142a9c211523,111000v111001,0,1,1
663636e1e732142a9c211523,111110v111111,0,0,0
6648bb870f1455b828041fac,000000v000010,1,1,1
6648bb870f1455b828041fac,000001v000101,1,1,1
6648bb870f1455b828041fac,000100v001100,0,0,0
6648bb870f1455b828041fac,001110v011110,1,1,1
6648bb870f1455b828041fac,010100v010110,1,1,1
6648bb870f1455b828041fac,100011v101011,0,0,1
6648bb870f1455b828041fac,100110v101110,1,1,1
6648bb870f1455b828041fac,101011v111011,1,0,1
6648bb870f1455b828041fac,101101v111101,1,1,1
6648bb870f1455b828041fac,110001v111001,1,1,1
664cd0f96e4b6f2e98b4ff03,000010v010010,0,1,1
664cd0f96e4b6f2e98b4ff03,000100v001100,1,0,0
664cd0f96e4b6f2e98b4ff03,010111v011111,1,1,1
664cd0f96e4b6f2e98b4ff03,011000v011010,0,1,0
664cd0f96e4b6f2e98b4ff03,111000v111010,0,1,1
6651785a4e43904be4ff2d9f,000001v000011,1,1,1
6651785a4e43904be4ff2d9f,001000v011000,0,0,0
6651785a4e43904be4ff2d9f,001010v001110,0,0,0
6651785a4e43904be4ff2d9f,010010v010110,1,1,1
6651785a4e43904be4ff2d9f,011100v011110,0,0,0
6651785a4e43904be4ff2d9f,100100v110100,0,0,1
6651785a4e43904be4ff2d9f,101100v101110,1,1,0
6651785a4e43904be4ff2d9f,110011v111011,1,1,1
6651785a4e43904be4ff2d9f,110110v111110,0,1,1
6651785a4e43904be4ff2d9f,111010v111011,0,0,0
665580fd26e2dcb8ac45ff38,010001v011001,1,0,1
665580fd26e2dcb8ac45ff38,011010v011110,1,0,0
665580fd26e2dcb8ac45ff38,100000v101000,0,0,0
665580fd26e2dcb8ac45ff38,100010v100110,1,1,1
665580fd26e2dcb8ac45ff38,101011v111011,1,1,1
665580fd26e2dcb8ac45ff38,110001v110101,1,1,1
6655dcc47c97e774bbb5fc47,000101v000111,1,1,1
6655dcc47c97e774bbb5fc47,000111v010111,1,1,1
6655dcc47c97e774bbb5fc47,001010v011010,1,1,1
6655dcc47c97e774bbb5fc47,010000v011000,0,0,0
6655dcc47c97e774bbb5fc47,010010v010011,0,0,0
6655dcc47c97e774bbb5fc47,100001v110001,0,0,0
6655dcc47c97e774bbb5fc47,100011v101011,0,0,0
6655dcc47c97e774bbb5fc47,101100v111100,0,0,0
6655dcc47c97e774bbb5fc47,110000v111000,0,0,0
6655dcc47c97e774bbb5fc47,111100v111101,0,0,0
6655e3832dcc68a1d2ee9229,001011v011011,1,1,1
6655e3832dcc68a1d2ee9229,010001v010101,1,1,1
6655e3832dcc68a1d2ee9229,010100v011100,1,1,1
6655e3832dcc68a1d2ee9229,010110v010111,1,0,0
6655e3832dcc68a1d2ee9229,011010v011011,0,1,1
6655e3832dcc68a1d2ee9229,100001v101001,1,1,1
6655e3832dcc68a1d2ee9229,100011v101011,0,1,1
6655e3832dcc68a1d2ee9229,100111v110111,0,0,0
6655e3832dcc68a1d2ee9229,101110v111110,1,0,1
6655e3832dcc68a1d2ee9229,111101v111111,1,1,1
6658796332f386de21b5edb1,000010v010010,0,1,1
6658796332f386de21b5edb1,000101v001101,0,1,1
6658796332f386de21b5edb1,000101v010101,0,1,0
6658796332f386de21b5edb1,010001v010101,1,1,1
6658796332f386de21b5edb1,010010v010011,0,1,0
6658796332f386de21b5edb1,100000v100010,1,1,1
6658796332f386de21b5edb1,100001v110001,0,1,1
6658796332f386de21b5edb1,100010v110010,1,1,1
6658796332f386de21b5edb1,110000v110010,1,0,1
6658796332f386de21b5edb1,111100v111101,0,0,0
665df7d58501a55e990b773a,000100v010100,1,1,1
665df7d58501a55e990b773a,000110v000111,0,0,0
665df7d58501a55e990b773a,010110v011110,1,1,1
665df7d58501a55e990b773a,011010v011110,1,1,1
665df7d58501a55e990b773a,011011v011111,0,0,0
665df7d58501a55e990b773a,100100v101100,0,0,0
665df7d58501a55e990b773a,101001v101101,0,0,0
665df7d58501a55e990b773a,101111v111111,1,1,1
665df7d58501a55e990b773a,110000v110001,0,0,0
665df7d58501a55e990b773a,111001v111101,1,1,0
6660b464ed99e0653e63a0ca,000100v000101,1,1,1
6660b464ed99e0653e63a0ca,001011v011011,1,1,1
6660b464ed99e0653e63a0ca,001111v011111,1,1,1
6660b464ed99e0653e63a0ca,010010v011010,1,1,1
6660b464ed99e0653e63a0ca,011101v011111,0,1,1
6660b464ed99e0653e63a0ca,100000v110000,1,1,1
6660b464ed99e0653e63a0ca,100001v100011,1,1,1
6660b464ed99e0653e63a0ca,101010v101110,0,0,0
6663182fd9f3f8e243a441d2,000001v001001,1,1,1
6663182fd9f3f8e243a441d2,001000v001001,0,0,0
6663182fd9f3f8e243a441d2,010011v011011,1,1,1
6663182fd9f3f8e243a441d2,010100v010110,1,1,1
6663182fd9f3f8e243a441d2,011110v011111,0,1,0
6663182fd9f3f8e243a441d2,100110v110110,1,1,1
6663182fd9f3f8e243a441d2,101000v101100,1,1,1
6663182fd9f3f8e243a441d2,110010v110110,0,1,0
6663182fd9f3f8e243a441d2,111010v111011,1,1,1
6663182fd9f3f8e243a441d2,111101v111111,0,0,0
666b21f5d7612ba25e34262c,000000v010000,1,1,1
666b21f5d7612ba25e34262c,001000v011000,1,1,1
666b21f5d7612ba25e34262c,010110v011110,1,1,1
666b21f5d7612ba25e34262c,011011v011111,0,1,1
666b21f5d7612ba25e34262c,011110v011111,0,0,0
666b21f5d7612ba25e34262c,100001v100011,1,1,1
666b21f5d7612ba25e34262c,100001v101001,1,1,1
666b21f5d7612ba25e34262c,100110v101110,1,1,1
666b21f5d7612ba25e34262c,110101v111101,1,1,1
666b21f5d7612ba25e34262c,111010v111110,1,1,1
666c4136d4d20711d6a787aa,001010v001110,1,1,0
666c4136d4d20711d6a787aa,001010v011010,1,1,1
666c4136d4d20711d6a787aa,001011v011011,0,1,0
666c4136d4d20711d6a787aa,010110v011110,1,1,1
666c4136d4d20711d6a787aa,011001v011011,1,1,1
666c4136d4d20711d6a787aa,100100v101100,0,0,0
666c4136d4d20711d6a787aa,100110v101110,1,1,1
666c4136d4d20711d6a787aa,100111v110111,1,1,0
666c4136d4d20711d6a787aa,110110v111110,0,1,1
666c4136d4d20711d6a787aa,111101v111111,1,1,0
66705e1f71d6574fd188bffb,001001v001011,1,1,1
66705e1f71d6574fd188bffb,001010v011010,1,1,1
66705e1f71d6574fd188bffb,001101v011101,1,1,1
66705e1f71d6574fd188bffb,010010v011010,1,1,1
66705e1f71d6574fd188bffb,010100v010101,1,1,0
66705e1f71d6574fd188bffb,100001v100011,1,0,1
66705e1f71d6574fd188bffb,101100v111100,0,1,1
66705e1f71d6574fd188bffb,101101v101111,1,1,1
66705e1f71d6574fd188bffb,110100v111100,0,0,0
66705e1f71d6574fd188bffb,111011v111111,1,1,1
6672d70c5675d16c732c7273,000000v000100,0,0,0
6672d70c5675d16c732c7273,000100v000101,1,1,1
6672d70c5675d16c732c7273,000111v001111,1,1,1
6672d70c5675d16c732c7273,001010v001110,0,0,0
6672d70c5675d16c732c7273,010110v011110,1,0,1
6672d70c5675d16c732c7273,100100v100110,1,1,1
6672d70c5675d16c732c7273,101010v111010,0,0,1
6672d70c5675d16c732c7273,101110v111110,0,1,0
6672d70c5675d16c732c7273,111000v111010,1,0,0
6672d70c5675d16c732c7273,111000v111100,0,0,0
66756b98b57dc3e151a38741,000001v000101,0,0,1
66756b98b57dc3e151a38741,001011v011011,0,1,1
66756b98b57dc3e151a38741,010010v011010,1,0,1
66756b98b57dc3e151a38741,011001v011011,0,0,1
66756b98b57dc3e151a38741,011110v011111,1,0,0
66756b98b57dc3e151a38741,100110v100111,1,0,1
66756b98b57dc3e151a38741,101011v111011,0,1,1
66756b98b57dc3e151a38741,111010v111011,0,1,1
66756b98b57dc3e151a38741,111010v111110,0,1,0
66756b98b57dc3e151a38741,111101v111111,0,0,1
667a9bdad0e1a943ee3d04bb,000100v000101,1,1,1
667a9bdad0e1a943ee3d04bb,000100v000110,1,1,1
667a9bdad0e1a943ee3d04bb,010101v010111,1,1,1
667a9bdad0e1a943ee3d04bb,101110v101111,0,0,0
667ac5d08e51fbbd7e5e17e8,001110v011110,1,0,0
667d82b6a3d5fc4b23d30a03,000100v000110,1,1,1
667d82b6a3d5fc4b23d30a03,000101v000111,1,1,1
667d82b6a3d5fc4b23d30a03,001100v001110,1,1,0
667d82b6a3d5fc4b23d30a03,010000v010100,0,0,0
667d82b6a3d5fc4b23d30a03,010011v011011,1,1,1
667d82b6a3d5fc4b23d30a03,100011v110011,1,1,1
667d82b6a3d5fc4b23d30a03,101010v101011,0,1,1
667d82b6a3d5fc4b23d30a03,101111v111111,1,1,1
667d82b6a3d5fc4b23d30a03,110000v110100,1,1,0
667d82b6a3d5fc4b23d30a03,110100v110101,1,1,1
6683fbf28955188f10cf8237,000101v001101,0,0,0
6683fbf28955188f10cf8237,001000v011000,1,1,1
6683fbf28955188f10cf8237,001001v001011,1,1,1
6683fbf28955188f10cf8237,001100v011100,1,1,1
6683fbf28955188f10cf8237,011100v011110,1,0,0
6683fbf28955188f10cf8237,100100v110100,1,1,1
6683fbf28955188f10cf8237,101000v101010,1,1,0
6683fbf28955188f10cf8237,101000v111000,1,1,1
6683fbf28955188f10cf8237,101001v111001,1,1,1
6683fbf28955188f10cf8237,110110v110111,1,1,1
6684639bd2cfbc08106a92cb,000110v001110,1,1,1
6684639bd2cfbc08106a92cb,001100v001110,0,1,1
6684639bd2cfbc08106a92cb,010000v010010,0,1,0
6684639bd2cfbc08106a92cb,010001v010101,1,1,0
6684639bd2cfbc08106a92cb,010100v011100,0,0,0
6684639bd2cfbc08106a92cb,100010v100011,1,0,1
6684639bd2cfbc08106a92cb,100111v110111,1,0,1
6684639bd2cfbc08106a92cb,110000v110100,1,0,0
6684639bd2cfbc08106a92cb,110001v110101,1,1,1
6684639bd2cfbc08106a92cb,110110v110111,1,0,0
668686339518f67822c1ea6d,000110v010110,1,1,1
668686339518f67822c1ea6d,000111v001111,1,1,1
668686339518f67822c1ea6d,001000v001001,0,0,0
668686339518f67822c1ea6d,001010v001110,1,0,1
668686339518f67822c1ea6d,011001v011011,1,1,1
668686339518f67822c1ea6d,100011v110011,1,1,0
668686339518f67822c1ea6d,100101v100111,1,1,1
668686339518f67822c1ea6d,100111v110111,1,1,1
668686339518f67822c1ea6d,110010v111010,1,1,1
668686339518f67822c1ea6d,110101v111101,0,1,0
6686f775fa4afbfd6bf45f91,000000v000010,1,1,0
6686f775fa4afbfd6bf45f91,000010v000011,0,0,1
6686f775fa4afbfd6bf45f91,000100v000101,1,0,1
6686f775fa4afbfd6bf45f91,010110v011110,1,1,1
6686f775fa4afbfd6bf45f91,011100v011110,1,0,0
6686f775fa4afbfd6bf45f91,100001v101001,0,1,0
6686f775fa4afbfd6bf45f91,100110v110110,1,0,1
6686f775fa4afbfd6bf45f91,101001v101101,1,0,1
6686f775fa4afbfd6bf45f91,110010v111010,1,1,1
668b1f12cacd66a9de9d5394,000010v010010,1,1,1
668b1f12cacd66a9de9d5394,001110v011110,1,1,1
668b1f12cacd66a9de9d5394,010000v010100,1,0,0
668b1f12cacd66a9de9d5394,010010v011010,1,1,1
668b1f12cacd66a9de9d5394,011001v011011,1,1,1
668b1f12cacd66a9de9d5394,100001v100011,1,1,1
668b1f12cacd66a9de9d5394,101011v111011,1,1,1
668b1f12cacd66a9de9d5394,110100v110110,1,1,1
668b1f12cacd66a9de9d5394,111000v111010,1,1,1
668b1f12cacd66a9de9d5394,111100v111110,1,1,1
668be776cc2551e8279790a6,000001v001001,0,0,0
668be776cc2551e8279790a6,000011v000111,1,1,1
668be776cc2551e8279790a6,000101v001101,0,0,0
668be776cc2551e8279790a6,010011v011011,1,1,0
668be776cc2551e8279790a6,010100v010110,0,0,0
668be776cc2551e8279790a6,100000v100001,1,0,1
668be776cc2551e8279790a6,100101v101101,0,0,0
668be776cc2551e8279790a6,111000v111010,1,0,1
6690fff94333846440392f90,011001v011011,0,1,1
66912a8462eaad8d5bdb34be,000001v001001,0,0,0
66912a8462eaad8d5bdb34be,000011v001011,1,1,1
66912a8462eaad8d5bdb34be,000011v010011,1,1,1
66912a8462eaad8d5bdb34be,000100v001100,1,1,1
66912a8462eaad8d5bdb34be,010011v010111,1,1,1
66912a8462eaad8d5bdb34be,100001v110001,1,1,1
66912a8462eaad8d5bdb34be,100100v101100,1,1,1
66912a8462eaad8d5bdb34be,101001v111001,1,1,1
66912a8462eaad8d5bdb34be,110010v110110,0,1,0
66912a8462eaad8d5bdb34be,110110v111110,1,1,1
6696e840c5e2853994c23211,000000v000010,1,1,1
6696e840c5e2853994c23211,000000v001000,1,1,1
6696e840c5e2853994c23211,001101v001111,1,1,1
6696e840c5e2853994c23211,010100v010101,1,1,1
6696e840c5e2853994c23211,011110v011111,0,1,0
6696e840c5e2853994c23211,100001v101001,0,0,0
6696e840c5e2853994c23211,100100v101100,0,0,0
6696e840c5e2853994c23211,101101v111101,1,1,1
6696e840c5e2853994c23211,101110v111110,1,1,1
6696e840c5e2853994c23211,110010v111010,0,0,0
66a0ff0c8be1bf8871835386,000111v001111,0,1,1
66a0ff0c8be1bf8871835386,001010v011010,0,1,1
66a0ff0c8be1bf8871835386,001100v001101,0,0,0
66a0ff0c8be1bf8871835386,001110v011110,1,1,1
66a0ff0c8be1bf8871835386,010000v011000,0,1,1
66a0ff0c8be1bf8871835386,100000v100001,0,0,0
66a0ff0c8be1bf8871835386,101000v101010,1,1,1
66a0ff0c8be1bf8871835386,101010v111010,1,1,1
66a24cacf9d15dac2e51ce9d,000001v001001,0,0,0
66a24cacf9d15dac2e51ce9d,000010v001010,0,0,0
66a24cacf9d15dac2e51ce9d,001000v011000,1,1,1
66a24cacf9d15dac2e51ce9d,001001v011001,1,1,1
66a24cacf9d15dac2e51ce9d,010101v011101,0,1,0
66a24cacf9d15dac2e51ce9d,100001v110001,1,1,1
66a24cacf9d15dac2e51ce9d,101010v101011,0,0,0
66a24cacf9d15dac2e51ce9d,101010v101110,0,0,0
66a24cacf9d15dac2e51ce9d,110010v110110,1,1,1
66a24cacf9d15dac2e51ce9d,111001v111011,1,1,1
66a40b4759c9803f4503814d,001010v001011,1,1,1
66a40b4759c9803f4503814d,001010v001110,1,1,1
66a40b4759c9803f4503814d,010011v010111,0,0,0
66a40b4759c9803f4503814d,010110v010111,1,1,1
66a40b4759c9803f4503814d,011001v011101,1,1,1
66a40b4759c9803f4503814d,100001v100011,0,0,0
66a40b4759c9803f4503814d,100111v110111,1,1,1
66a40b4759c9803f4503814d,110001v110101,0,0,0
66a40b4759c9803f4503814d,110101v110111,0,0,0
66a40b4759c9803f4503814d,111011v111111,0,0,0
66a54af7261cf1fc1a5d89f3,000000v000100,1,1,1
66a54af7261cf1fc1a5d89f3,000110v010110,1,1,1
66a54af7261cf1fc1a5d89f3,001100v011100,1,1,1
66a54af7261cf1fc1a5d89f3,010111v011111,0,0,0
66a54af7261cf1fc1a5d89f3,011000v011010,1,1,1
66a54af7261cf1fc1a5d89f3,101000v101001,1,1,1
66a54af7261cf1fc1a5d89f3,101100v101101,1,1,1
66a54af7261cf1fc1a5d89f3,110010v111010,0,0,0
66a54af7261cf1fc1a5d89f3,110011v110111,1,1,1
66a54af7261cf1fc1a5d89f3,111000v111001,1,1,1
66a63fd5eae42f430895d7bf,000011v010011,0,1,1
66a63fd5eae42f430895d7bf,001000v001100,1,1,1
66a63fd5eae42f430895d7bf,001100v001110,1,1,0
66a63fd5eae42f430895d7bf,010000v010001,0,0,0
66a63fd5eae42f430895d7bf,011010v011011,0,1,0
66a7990001344d21d3016094,001001v011001,1,1,1
66a7990001344d21d3016094,010001v011001,1,0,1
66a7990001344d21d3016094,010101v011101,0,0,0
66a7990001344d21d3016094,011000v011010,1,1,1
66a7990001344d21d3016094,011101v011111,1,0,1
66a7990001344d21d3016094,101010v101011,0,0,0
66a7990001344d21d3016094,110101v111101,1,1,1
66a7990001344d21d3016094,110110v110111,1,1,1
66a7990001344d21d3016094,111101v111111,1,0,1
66a7ae3f433c3c0cac1fc69c,000010v000110,0,0,0
66a7ae3f433c3c0cac1fc69c,000100v001100,0,0,0
66a7ae3f433c3c0cac1fc69c,001001v001011,0,0,0
66a7ae3f433c3c0cac1fc69c,001001v001101,0,0,0
66a7ae3f433c3c0cac1fc69c,011011v011111,0,0,0
66a7ae3f433c3c0cac1fc69c,100000v100100,1,1,1
66a7ae3f433c3c0cac1fc69c,110011v110111,1,1,1
66a7ae3f433c3c0cac1fc69c,111000v111001,1,1,1
66a8c8088a01a7d9368ffb95,000010v010010,1,1,0
66a8c8088a01a7d9368ffb95,000100v010100,0,1,1
66a8c8088a01a7d9368ffb95,001101v001111,0,0,0
66a8c8088a01a7d9368ffb95,011000v011001,0,0,0
66a8c8088a01a7d9368ffb95,011101v011111,0,1,0
66a8c8088a01a7d9368ffb95,100011v100111,1,0,1
66a8c8088a01a7d9368ffb95,101101v101111,1,0,1
66a8c8088a01a7d9368ffb95,101110v101111,1,1,1
66a8c8088a01a7d9368ffb95,110100v110110,1,1,1
66aa826226ace74112a5a24f,000001v000011,1,0,1
66aa826226ace74112a5a24f,001001v011001,1,1,1
66aa826226ace74112a5a24f,001100v011100,1,1,1
66aa826226ace74112a5a24f,011010v011011,0,0,1
66aa826226ace74112a5a24f,011010v011110,1,0,1
66aa826226ace74112a5a24f,100000v101000,0,0,0
66aa826226ace74112a5a24f,101101v111101,1,1,1
66aa826226ace74112a5a24f,110010v111010,1,1,0
66aa826226ace74112a5a24f,110101v111101,0,0,0
66ae5b9b1f0070568886de66,000010v010010,1,1,1
66ae5b9b1f0070568886de66,000101v010101,1,1,1
66ae5b9b1f0070568886de66,001001v011001,1,1,0
66ae5b9b1f0070568886de66,001100v001110,1,1,1
66ae5b9b1f0070568886de66,011100v011101,0,0,0
66ae5b9b1f0070568886de66,100000v101000,0,1,1
66ae5b9b1f0070568886de66,100010v101010,0,1,1
66ae5b9b1f0070568886de66,100010v110010,1,1,1
66ae5b9b1f0070568886de66,100101v100111,1,0,1
66ae5b9b1f0070568886de66,110100v110110,1,1,1
66b1e0b7b5b01d4289b4260b,000101v000111,1,1,0
66b1e0b7b5b01d4289b4260b,001100v011100,0,1,1
66b1e0b7b5b01d4289b4260b,010000v011000,0,1,1
66b1e0b7b5b01d4289b4260b,010011v011011,1,1,1
66b1e0b7b5b01d4289b4260b,011000v011100,0,1,1
66b1e0b7b5b01d4289b4260b,100000v100001,1,1,0
66b1e0b7b5b01d4289b4260b,100000v100100,1,0,1
66b1e0b7b5b01d4289b4260b,100110v101110,1,0,1
66b1e0b7b5b01d4289b4260b,100110v110110,1,1,1
66b1e0b7b5b01d4289b4260b,111001v111011,1,0,1
66b246951b9aefec80b7158a,000000v010000,0,1,0
66b246951b9aefec80b7158a,000001v001001,1,1,0
66b246951b9aefec80b7158a,001110v011110,1,1,0
66b246951b9aefec80b7158a,010000v010001,0,0,0
66b246951b9aefec80b7158a,011000v011001,0,0,0
66b246951b9aefec80b7158a,101001v101011,1,1,1
66b246951b9aefec80b7158a,101111v111111,0,1,1
66b246951b9aefec80b7158a,110010v110110,1,1,1
66b246951b9aefec80b7158a,111001v111101,1,1,1
66b246951b9aefec80b7158a,111100v111110,1,1,0
66b71aa297e2e7c1856464bd,000000v000010,0,1,1
66b71aa297e2e7c1856464bd,000100v000110,1,0,1
66b71aa297e2e7c1856464bd,010010v010011,0,1,0
66b71aa297e2e7c1856464bd,011000v011010,0,1,0
66b71aa297e2e7c1856464bd,011010v011011,1,0,0
66b71aa297e2e7c1856464bd,101100v101110,0,1,1
66b71aa297e2e7c1856464bd,110000v111000,0,1,1
66b71aa297e2e7c1856464bd,111011v111111,1,1,0
66b71aa297e2e7c1856464bd,111100v111101,1,1,1
66b71aa297e2e7c1856464bd,111101v111111,1,0,0
66c0621f7e3dd5e2c196609e,000000v001000,1,1,1
66c0621f7e3dd5e2c196609e,000001v000101,1,1,1
66c0621f7e3dd5e2c196609e,001001v011001,0,0,1
66c0621f7e3dd5e2c196609e,010101v010111,1,1,1
66c0621f7e3dd5e2c196609e,011000v011100,0,0,1
66c0621f7e3dd5e2c196609e,100010v101010,0,1,0
66c0621f7e3dd5e2c196609e,101011v101111,1,1,1
66c0621f7e3dd5e2c196609e,101110v101111,0,0,1
66c0621f7e3dd5e2c196609e,110001v111001,0,1,0
66c0621f7e3dd5e2c196609e,110100v111100,0,0,0
66c0dbc9b0a233963bfac895,000001v010001,1,1,1
66c0dbc9b0a233963bfac895,000010v000011,0,0,1
66c0dbc9b0a233963bfac895,010001v010011,1,1,1
66c0dbc9b0a233963bfac895,010001v011001,0,1,0
66c0dbc9b0a233963bfac895,011011v011111,0,1,1
66c0dbc9b0a233963bfac895,100101v101101,0,0,0
66c0dbc9b0a233963bfac895,110000v111000,0,0,0
66c0dbc9b0a233963bfac895,110001v110011,1,1,1
66c0dbc9b0a233963bfac895,110001v111001,1,0,0
66c0dbc9b0a233963bfac895,111001v111011,1,1,1
66c33cf5425d52a1afcc8263,001000v001001,0,0,0
66c33cf5425d52a1afcc8263,001001v001101,1,1,1
66c33cf5425d52a1afcc8263,001010v001011,0,1,0
66c33cf5425d52a1afcc8263,001010v001110,1,0,0
66c33cf5425d52a1afcc8263,011100v011110,1,1,1
66c33cf5425d52a1afcc8263,100101v100111,1,0,1
66c33cf5425d52a1afcc8263,101000v101010,1,1,1
66c33cf5425d52a1afcc8263,101100v111100,1,1,1
66c33cf5425d52a1afcc8263,110001v110101,1,0,1
66c33cf5425d52a1afcc8263,110100v111100,1,1,1
66c5f76d9a214b469f6476c8,000000v000100,1,1,1
66c5f76d9a214b469f6476c8,000010v000110,0,0,0
66c5f76d9a214b469f6476c8,000011v010011,1,1,1
66c5f76d9a214b469f6476c8,001000v001010,1,1,1
66c5f76d9a214b469f6476c8,011001v011101,1,1,1
66c5f76d9a214b469f6476c8,100110v100111,0,0,0
66c5f76d9a214b469f6476c8,100110v101110,1,1,1
66c5f76d9a214b469f6476c8,110011v110111,1,1,1
66c5f76d9a214b469f6476c8,111001v111101,0,0,0
66c5f76d9a214b469f6476c8,111101v111111,1,1,1
66c61f02376e3c075f265c98,001001v001011,1,0,0
66c61f02376e3c075f265c98,001100v001110,1,1,1
66c61f02376e3c075f265c98,001111v011111,1,1,1
66c61f02376e3c075f265c98,010011v010111,1,0,0
66c61f02376e3c075f265c98,011101v011111,1,0,0
66c61f02376e3c075f265c98,100010v110010,1,1,1
66c61f02376e3c075f265c98,100101v110101,0,0,0
66c61f02376e3c075f265c98,101100v101101,0,0,0
66c61f02376e3c075f265c98,110001v111001,0,0,0
66c73d97dade03083f9ec72c,000001v000101,0,1,0
66c73d97dade03083f9ec72c,000100v010100,0,0,0
66c73d97dade03083f9ec72c,001000v001100,1,1,1
66c73d97dade03083f9ec72c,001011v011011,0,1,1
66c73d97dade03083f9ec72c,011001v011011,0,1,0
66c73d97dade03083f9ec72c,100011v101011,1,0,0
66c73d97dade03083f9ec72c,101001v111001,1,0,0
66c73d97dade03083f9ec72c,110001v110011,1,0,1
66c73d97dade03083f9ec72c,110011v111011,0,0,1
66c96fb65f8a64d04cb5251e,000100v000101,1,0,1
66c96fb65f8a64d04cb5251e,000101v000111,0,1,1
66c96fb65f8a64d04cb5251e,000110v001110,1,1,1
66c96fb65f8a64d04cb5251e,010001v010011,1,1,0
66c96fb65f8a64d04cb5251e,010011v011011,1,0,0
66c96fb65f8a64d04cb5251e,100010v101010,0,0,1
66c96fb65f8a64d04cb5251e,100101v101101,1,0,1
66c96fb65f8a64d04cb5251e,101010v101011,0,1,1
66c96fb65f8a64d04cb5251e,110010v110110,0,0,0
66c96fb65f8a64d04cb5251e,111100v111110,1,0,1
66d32a13c502bbeb803d2499,000000v000100,1,1,1
66d32a13c502bbeb803d2499,000001v000011,1,1,1
66d32a13c502bbeb803d2499,001100v001101,1,1,1
66d32a13c502bbeb803d2499,001100v001110,1,1,1
66d32a13c502bbeb803d2499,010000v011000,0,0,0
66d32a13c502bbeb803d2499,100110v100111,1,1,1
66d32a13c502bbeb803d2499,101100v101110,1,1,1
66d32a13c502bbeb803d2499,110001v111001,1,0,0
66d32a13c502bbeb803d2499,110100v111100,1,1,1
66d32a13c502bbeb803d2499,111001v111011,1,1,1
66f3ed62be0a3b807a0e502f,000001v000011,1,1,1
66f3ed62be0a3b807a0e502f,001000v001100,1,1,1
66f3ed62be0a3b807a0e502f,010000v011000,1,1,1
66f3ed62be0a3b807a0e502f,010110v010111,0,0,0
66f3ed62be0a3b807a0e502f,011000v011100,1,1,0
66f3ed62be0a3b807a0e502f,100001v100101,1,1,0
66f3ed62be0a3b807a0e502f,100101v100111,1,1,1
66f3ed62be0a3b807a0e502f,101101v101111,1,1,1
66f3ed62be0a3b807a0e502f,110011v111011,1,1,1
66f3ed62be0a3b807a0e502f,111101v111111,1,1,1
670d2513894d1c633eeb11a6,000101v000111,0,0,0
670d2513894d1c633eeb11a6,000110v001110,0,0,0
670d2513894d1c633eeb11a6,001000v001001,1,1,1
670d2513894d1c633eeb11a6,010111v011111,0,0,0
670d2513894d1c633eeb11a6,011000v011010,0,0,0
670d2513894d1c633eeb11a6,100100v100110,0,0,0
670d2513894d1c633eeb11a6,100111v101111,1,1,1
670d2513894d1c633eeb11a6,101001v101101,1,1,1
670d2513894d1c633eeb11a6,110100v110110,0,0,0
670d2513894d1c633eeb11a6,111110v111111,0,0,0
671526752de7c1bca617e1a7,000000v000010,1,1,1
671526752de7c1bca617e1a7,000010v001010,0,0,0
671526752de7c1bca617e1a7,000010v010010,1,1,1
671526752de7c1bca617e1a7,000111v001111,0,1,1
671526752de7c1bca617e1a7,010001v011001,0,1,1
671526752de7c1bca617e1a7,100001v100101,1,1,1
671526752de7c1bca617e1a7,100011v110011,1,1,1
671526752de7c1bca617e1a7,100100v100110,1,1,1
671526752de7c1bca617e1a7,101101v101111,1,1,1
671526752de7c1bca617e1a7,111000v111010,1,1,1
671678c8dd3bb344581f61d8,000000v000001,0,0,0
671678c8dd3bb344581f61d8,000011v001011,0,1,0
671678c8dd3bb344581f61d8,000111v010111,0,0,0
671678c8dd3bb344581f61d8,001010v001011,1,1,1
671678c8dd3bb344581f61d8,011010v011110,1,1,1
671678c8dd3bb344581f61d8,100000v110000,1,1,1
671678c8dd3bb344581f61d8,101011v101111,0,0,0
671678c8dd3bb344581f61d8,110100v110110,1,1,1
671678c8dd3bb344581f61d8,111010v111011,0,0,0
671678c8dd3bb344581f61d8,111100v111110,1,1,1
671819906e271c6bf6c0909f,000100v000110,1,1,1
671819906e271c6bf6c0909f,000111v001111,1,1,1
671819906e271c6bf6c0909f,010111v011111,1,1,1
671819906e271c6bf6c0909f,111000v111001,1,1,1
671b6d1bc21cb5010cdd96d1,000000v000010,0,1,1
671b6d1bc21cb5010cdd96d1,000011v000111,1,1,1
671b6d1bc21cb5010cdd96d1,000101v010101,1,1,1
671b6d1bc21cb5010cdd96d1,001110v011110,1,0,0
671b6d1bc21cb5010cdd96d1,010101v011101,0,0,0
671b6d1bc21cb5010cdd96d1,100001v100101,1,1,1
671b6d1bc21cb5010cdd96d1,100011v101011,0,0,0
671b6d1bc21cb5010cdd96d1,101011v101111,1,0,0
671b6d1bc21cb5010cdd96d1,101100v101110,1,1,1
671b6d1bc21cb5010cdd96d1,110000v110100,1,1,0
671b88a41423fbafdc108002,000110v001110,1,1,1
671b88a41423fbafdc108002,001000v001001,1,0,0
671b88a41423fbafdc108002,011010v011110,0,1,1
671b88a41423fbafdc108002,100010v101010,1,0,0
671bb16313424a5056fa5c42,000101v001101,0,0,0
671bb16313424a5056fa5c42,000110v001110,1,1,0
671bb16313424a5056fa5c42,001000v001010,1,1,1
671bb16313424a5056fa5c42,001010v011010,1,1,1
671bb16313424a5056fa5c42,001011v011011,1,1,1
671bb16313424a5056fa5c42,100000v100010,1,1,1
671bb16313424a5056fa5c42,100001v110001,1,1,1
671bb16313424a5056fa5c42,100010v100110,1,1,1
671bb16313424a5056fa5c42,100100v100101,0,0,0
671bb16313424a5056fa5c42,100100v110100,1,0,1
671ddd063e7c74b377de755a,000000v000100,1,0,1
671ddd063e7c74b377de755a,000001v001001,1,1,1
671ddd063e7c74b377de755a,001101v011101,0,1,1
671ddd063e7c74b377de755a,010100v010110,0,1,1
671ddd063e7c74b377de755a,011000v011010,0,1,1
671ddd063e7c74b377de755a,101000v101100,0,0,1
671ddd063e7c74b377de755a,101100v101110,1,0,0
671ddd063e7c74b377de755a,110001v110011,0,0,1
671ddd063e7c74b377de755a,110011v111011,1,1,1
671ddd063e7c74b377de755a,111100v111110,1,0,1
6720caefd15d2dade5c8a9de,000001v010001,1,1,1
6720caefd15d2dade5c8a9de,000101v010101,1,1,1
6720caefd15d2dade5c8a9de,001100v011100,1,1,1
6720caefd15d2dade5c8a9de,010011v011011,1,1,1
6720caefd15d2dade5c8a9de,010100v011100,1,1,1
6720caefd15d2dade5c8a9de,101000v101001,0,0,0
6720caefd15d2dade5c8a9de,101101v101111,0,0,0
6720caefd15d2dade5c8a9de,110000v110010,1,1,1
6720caefd15d2dade5c8a9de,111000v111010,1,1,1
6720caefd15d2dade5c8a9de,111010v111110,1,1,1
6723c0c8d1da817dccf02e6a,000110v000111,0,0,1
6723c0c8d1da817dccf02e6a,001001v001011,1,0,0
6723c0c8d1da817dccf02e6a,001011v001111,1,1,1
6723c0c8d1da817dccf02e6a,010011v010111,0,0,0
6723c0c8d1da817dccf02e6a,011001v011101,1,1,0
6723c0c8d1da817dccf02e6a,100000v110000,1,1,1
6723c0c8d1da817dccf02e6a,100001v110001,0,1,1
6723c0c8d1da817dccf02e6a,100101v110101,0,1,0
6723c0c8d1da817dccf02e6a,100111v101111,0,0,0
6723c0c8d1da817dccf02e6a,110000v110010,1,1,1
6724aa8a3ee9b745294b5b50,001011v001111,1,1,1
6724aa8a3ee9b745294b5b50,101010v101011,0,0,0
6724aa8a3ee9b745294b5b50,110111v111111,1,1,0
67268e0e1d1958b8a6a42e0d,000000v000100,1,1,1
67268e0e1d1958b8a6a42e0d,000000v001000,0,0,0
67268e0e1d1958b8a6a42e0d,000110v000111,1,1,1
67268e0e1d1958b8a6a42e0d,000111v010111,1,1,1
67268e0e1d1958b8a6a42e0d,011110v011111,0,0,0
67268e0e1d1958b8a6a42e0d,100000v100100,1,1,1
67268e0e1d1958b8a6a42e0d,100110v100111,1,1,1
67268e0e1d1958b8a6a42e0d,110010v110110,1,1,1
67268e0e1d1958b8a6a42e0d,110111v111111,1,1,1
672726126113e6fb83b8d715,000001v010001,1,1,1
672726126113e6fb83b8d715,000110v001110,0,0,0
672726126113e6fb83b8d715,001011v011011,1,1,1
672726126113e6fb83b8d715,011010v011110,0,0,1
672726126113e6fb83b8d715,011110v011111,1,1,1
672726126113e6fb83b8d715,101010v101110,0,0,1
672726126113e6fb83b8d715,101110v111110,1,1,1
672726126113e6fb83b8d715,101111v111111,1,1,1
672726126113e6fb83b8d715,110111v111111,1,1,1
672726126113e6fb83b8d715,111000v111100,1,0,1
67280a9bc1dc22fd605195f7,000001v000101,0,1,1
67280a9bc1dc22fd605195f7,001101v011101,1,0,1
67280a9bc1dc22fd605195f7,010101v010111,0,0,1
67280a9bc1dc22fd605195f7,011101v011111,1,0,1
67280a9bc1dc22fd605195f7,011110v011111,0,1,0
67280a9bc1dc22fd605195f7,100101v101101,1,0,1
67280a9bc1dc22fd605195f7,101000v101001,0,1,0
67280a9bc1dc22fd605195f7,101010v101011,0,1,0
67280a9bc1dc22fd605195f7,101010v101110,0,1,0
67280a9bc1dc22fd605195f7,110100v110101,0,1,0
672a5352b4019154e972f98e,000011v001011,1,1,1
672a5352b4019154e972f98e,000100v000110,1,1,0
672a5352b4019154e972f98e,001100v001110,1,1,0
672a5352b4019154e972f98e,010000v010010,0,1,0
672a5352b4019154e972f98e,100001v100101,0,1,1
672a5352b4019154e972f98e,100010v100011,1,1,1
672b796c37931aebfec285d9,010111v011111,1,1,1
672b796c37931aebfec285d9,100000v101000,0,0,0
672b796c37931aebfec285d9,100001v100011,1,1,0
673360818b5b7adc97b37846,000011v001011,1,1,1
673360818b5b7adc97b37846,001000v001010,1,0,0
673360818b5b7adc97b37846,001001v001011,1,1,1
673360818b5b7adc97b37846,001100v001101,0,1,0
673360818b5b7adc97b37846,010011v010111,0,0,0
673360818b5b7adc97b37846,100011v100111,1,1,1
673360818b5b7adc97b37846,101000v101010,1,0,0
673360818b5b7adc97b37846,101011v111011,1,1,1
673360818b5b7adc97b37846,101100v101101,0,0,0
673360818b5b7adc97b37846,101100v111100,1,1,1
67373870735568b07e1cfd96,000001v000011,1,1,1
67373870735568b07e1cfd96,000011v010011,1,1,1
67373870735568b07e1cfd96,000111v001111,0,0,0
67373870735568b07e1cfd96,010100v010110,1,0,0
67373870735568b07e1cfd96,011110v011111,0,0,0
67373870735568b07e1cfd96,100000v100100,0,0,0
67373870735568b07e1cfd96,100011v110011,1,1,1
67373870735568b07e1cfd96,101110v101111,0,0,0
67373870735568b07e1cfd96,110001v110101,1,1,1
67373870735568b07e1cfd96,110110v110111,0,0,0
6737a886c1ecd7898a1daf6e,000000v000001,0,1,0
6737a886c1ecd7898a1daf6e,000010v000011,1,0,1
6737a886c1ecd7898a1daf6e,000010v010010,0,1,0
6737a886c1ecd7898a1daf6e,000100v010100,0,1,0
6737a886c1ecd7898a1daf6e,010001v010011,1,0,0
6737a886c1ecd7898a1daf6e,100000v110000,0,1,1
6737a886c1ecd7898a1daf6e,111010v111011,0,1,1
6737a886c1ecd7898a1daf6e,111101v111111,1,1,0
673c2f64434c71ae8abbd897,000000v000001,0,1,0
673c2f64434c71ae8abbd897,000100v000110,1,1,1
673c2f64434c71ae8abbd897,001010v001011,0,1,0
673c2f64434c71ae8abbd897,001100v011100,1,1,1
673c2f64434c71ae8abbd897,010101v011101,0,0,0
673c2f64434c71ae8abbd897,101000v111000,1,1,1
673c2f64434c71ae8abbd897,101100v111100,1,1,1
673c2f64434c71ae8abbd897,101101v111101,1,1,1
673c2f64434c71ae8abbd897,110000v111000,0,0,0
673c2f64434c71ae8abbd897,111000v111100,0,1,0
673e70cb634dea88b4e7566a,000100v001100,1,1,1
673e70cb634dea88b4e7566a,010000v011000,1,0,1
673e70cb634dea88b4e7566a,010111v011111,1,1,0
673e70cb634dea88b4e7566a,111010v111110,1,1,1
674093325aa2aee45b628637,000000v010000,1,0,1
674093325aa2aee45b628637,001100v011100,1,1,0
674093325aa2aee45b628637,010010v011010,0,0,1
674093325aa2aee45b628637,011000v011100,1,1,1
674093325aa2aee45b628637,011001v011011,0,1,1
674093325aa2aee45b628637,101010v101011,0,0,0
674093325aa2aee45b628637,101011v101111,0,1,1
674093325aa2aee45b628637,101110v111110,1,1,1
674093325aa2aee45b628637,110000v110010,1,0,0
674093325aa2aee45b628637,110100v110101,1,0,1
6740d090e161ea16b57a04fd,000010v000011,1,0,0
6740d090e161ea16b57a04fd,000110v010110,1,0,0
6740d090e161ea16b57a04fd,010010v010110,1,0,0
6740d090e161ea16b57a04fd,010010v011010,0,1,1
6740d090e161ea16b57a04fd,010101v011101,0,1,1
6740d090e161ea16b57a04fd,100001v100011,1,0,0
6740d090e161ea16b57a04fd,100010v110010,1,0,0
6740d090e161ea16b57a04fd,110011v111011,1,0,0
6740d090e161ea16b57a04fd,111011v111111,1,0,0
6740d090e161ea16b57a04fd,111100v111101,1,0,0
67444815330f14b5e3d35ce9,000000v000100,1,1,1
67444815330f14b5e3d35ce9,001011v001111,1,1,1
67444815330f14b5e3d35ce9,010100v010101,0,0,0
67444815330f14b5e3d35ce9,010101v011101,1,0,1
67444815330f14b5e3d35ce9,011101v011111,0,0,0
67444815330f14b5e3d35ce9,100000v100001,0,1,0
67444815330f14b5e3d35ce9,100101v110101,0,0,0
67444815330f14b5e3d35ce9,101000v101001,0,1,1
67444815330f14b5e3d35ce9,101010v101110,0,0,0
67444815330f14b5e3d35ce9,110110v110111,1,1,1
674c7abb22ba9d7bfd02e91f,001010v011010,1,0,0
674c7abb22ba9d7bfd02e91f,001111v011111,1,1,0
674c7abb22ba9d7bfd02e91f,010100v011100,0,1,1
674c7abb22ba9d7bfd02e91f,011010v011110,1,0,1
674c7abb22ba9d7bfd02e91f,011100v011110,1,1,0
674c7abb22ba9d7bfd02e91f,100010v100110,1,1,0
674c7abb22ba9d7bfd02e91f,101000v111000,1,1,0
674c7abb22ba9d7bfd02e91f,101100v101110,1,0,1
674c7abb22ba9d7bfd02e91f,101110v101111,1,0,1
674c7abb22ba9d7bfd02e91f,110100v111100,0,1,0
67547860f3d14c0c963ae59d,000011v000111,1,1,1
67547860f3d14c0c963ae59d,001000v001100,0,0,0
67547860f3d14c0c963ae59d,001000v011000,0,1,1
67547860f3d14c0c963ae59d,001100v011100,1,1,1
67547860f3d14c0c963ae59d,011000v011001,1,1,1
67547860f3d14c0c963ae59d,100000v110000,1,0,0
67547860f3d14c0c963ae59d,100011v100111,0,1,0
67547860f3d14c0c963ae59d,101001v101101,0,0,0
67547860f3d14c0c963ae59d,101100v101101,1,1,1
67547860f3d14c0c963ae59d,110010v111010,1,0,0
6761b75b920fb7e473140c6b,000001v000101,0,1,0
6761b75b920fb7e473140c6b,000111v010111,1,1,1
6761b75b920fb7e473140c6b,001001v001011,1,1,1
6761b75b920fb7e473140c6b,010001v010101,1,1,0
6761b75b920fb7e473140c6b,010100v010101,0,0,0
6761b75b920fb7e473140c6b,100001v110001,1,1,1
6761b75b920fb7e473140c6b,100111v101111,0,0,0
6761b75b920fb7e473140c6b,110000v110010,1,1,1
6761b75b920fb7e473140c6b,110001v110101,1,1,1
6761b75b920fb7e473140c6b,110010v110110,1,1,1
676356a7bcf153d1d3e68224,000100v001100,1,1,1
676356a7bcf153d1d3e68224,001000v001001,0,0,0
676356a7bcf153d1d3e68224,001001v001101,1,1,1
676356a7bcf153d1d3e68224,001100v001101,1,1,1
676356a7bcf153d1d3e68224,011100v011110,1,1,1
676356a7bcf153d1d3e68224,100010v100011,0,0,0
676356a7bcf153d1d3e68224,100100v110100,1,1,1
676356a7bcf153d1d3e68224,101000v111000,1,1,1
676356a7bcf153d1d3e68224,101001v111001,1,1,0
676356a7bcf153d1d3e68224,101011v111011,1,1,1
6763fe3ad8eeb4e6d8ce1328,000001v000011,1,1,1
6763fe3ad8eeb4e6d8ce1328,000001v000101,1,1,1
6763fe3ad8eeb4e6d8ce1328,000010v000011,0,0,0
6763fe3ad8eeb4e6d8ce1328,001011v001111,0,1,0
6763fe3ad8eeb4e6d8ce1328,100000v110000,1,1,0
6763fe3ad8eeb4e6d8ce1328,100010v101010,0,0,0
67656fbc7df8d83e73a30aa2,000011v001011,1,1,1
67656fbc7df8d83e73a30aa2,001010v001110,0,1,0
67656fbc7df8d83e73a30aa2,001101v001111,1,1,1
67656fbc7df8d83e73a30aa2,010100v011100,1,1,1
67656fbc7df8d83e73a30aa2,010110v010111,0,1,1
67656fbc7df8d83e73a30aa2,100001v100101,0,0,0
67656fbc7df8d83e73a30aa2,100110v100111,1,1,1
67656fbc7df8d83e73a30aa2,101101v111101,0,0,0
67656fbc7df8d83e73a30aa2,110000v110010,0,0,0
67656fbc7df8d83e73a30aa2,111010v111110,1,0,0
6769242286e30dd21cd8b084,000110v000111,1,1,1
6769242286e30dd21cd8b084,001111v011111,1,1,1
6769242286e30dd21cd8b084,010100v011100,0,0,0
6769242286e30dd21cd8b084,011001v011101,1,1,1
6769242286e30dd21cd8b084,011010v011110,1,1,1
6769242286e30dd21cd8b084,100101v100111,1,1,1
6769242286e30dd21cd8b084,101010v101110,0,0,0
6769242286e30dd21cd8b084,110000v110001,1,1,1
6769242286e30dd21cd8b084,110000v110100,1,1,1
6769242286e30dd21cd8b084,110110v111110,1,1,1
676a61aaabcdd609c86a3c22,000010v000110,0,1,1
676a61aaabcdd609c86a3c22,000101v001101,0,0,1
676a61aaabcdd609c86a3c22,000110v010110,0,1,1
676a61aaabcdd609c86a3c22,001000v001100,0,1,0
676a61aaabcdd609c86a3c22,001100v001101,1,0,0
676a61aaabcdd609c86a3c22,100101v100111,0,0,1
676a61aaabcdd609c86a3c22,110000v110001,0,1,1
676a61aaabcdd609c86a3c22,110001v110101,1,0,0
676a61aaabcdd609c86a3c22,110011v110111,1,0,1
676a61aaabcdd609c86a3c22,111011v111111,0,1,1
676c33a837a28914650c4962,000001v001001,1,1,1
676c33a837a28914650c4962,010011v010111,0,0,0
676c33a837a28914650c4962,010100v010110,0,0,0
676c33a837a28914650c4962,011000v011100,1,1,1
676c33a837a28914650c4962,011100v011101,1,1,1
676c33a837a28914650c4962,100100v100110,0,0,0
676c33a837a28914650c4962,101010v101011,1,1,1
676c33a837a28914650c4962,110010v110011,0,0,0
676c33a837a28914650c4962,110010v110110,0,0,0
676c33a837a28914650c4962,110011v111011,1,1,1
676c4677c53dac587c349e66,000010v000011,1,1,0
676c4677c53dac587c349e66,000010v001010,0,1,0
676d0c99a9ed98d39743e457,000010v001010,1,0,0
676d0c99a9ed98d39743e457,000011v010011,0,0,0
676d0c99a9ed98d39743e457,001011v011011,1,0,0
676d0c99a9ed98d39743e457,010000v010100,1,0,0
676d0c99a9ed98d39743e457,011010v011110,1,1,0
676d0c99a9ed98d39743e457,100000v100010,1,1,1
676d0c99a9ed98d39743e457,100000v110000,0,1,1
676d0c99a9ed98d39743e457,101010v101110,0,1,1
676d0c99a9ed98d39743e457,101100v111100,1,0,1
676d0c99a9ed98d39743e457,110010v111010,1,1,1
676d25f8c1109f29de28ac0b,000010v000011,0,1,1
676d25f8c1109f29de28ac0b,000010v001010,0,0,0
676d25f8c1109f29de28ac0b,000111v001111,1,0,0
676d25f8c1109f29de28ac0b,001100v011100,1,1,1
676d25f8c1109f29de28ac0b,010001v011001,1,1,1
676d25f8c1109f29de28ac0b,100000v100100,1,1,1
676d25f8c1109f29de28ac0b,100010v101010,1,0,0
676d25f8c1109f29de28ac0b,110100v111100,1,0,0
676d25f8c1109f29de28ac0b,110110v110111,0,0,0
676d25f8c1109f29de28ac0b,110111v111111,1,0,0
677263c569e5abd57143ee7a,000011v001011,1,1,1
677263c569e5abd57143ee7a,000100v000101,1,1,1
677263c569e5abd57143ee7a,001101v011101,1,1,1
677263c569e5abd57143ee7a,010000v010010,0,0,0
677263c569e5abd57143ee7a,010100v010101,1,1,1
677263c569e5abd57143ee7a,100010v100011,1,1,1
677263c569e5abd57143ee7a,110001v111001,1,1,1
677263c569e5abd57143ee7a,110110v111110,1,1,1
677263c569e5abd57143ee7a,111010v111011,0,0,0
677263c569e5abd57143ee7a,111110v111111,1,1,1
67894339aa346efa2532bf8d,000000v010000,1,1,1
67894339aa346efa2532bf8d,000111v001111,0,0,0
67894339aa346efa2532bf8d,000111v010111,0,0,0
67894339aa346efa2532bf8d,001010v011010,1,0,0
67894339aa346efa2532bf8d,011100v011110,0,0,0
67894339aa346efa2532bf8d,100011v110011,1,0,1
67894339aa346efa2532bf8d,100110v101110,0,1,1
67894339aa346efa2532bf8d,101001v101011,1,1,1
67894339aa346efa2532bf8d,110000v111000,0,1,1
67894339aa346efa2532bf8d,110100v111100,1,1,1
